,Predictions
0,3.0
1,10.0
2,10.0
3,6.0
4,10.0
5,10.0
6,10.0
7,10.0
8,10.0
9,10.0
10,10.0
11,2.0
12,10.0
13,2.0
14,10.0
15,10.0
16,10.0
17,10.0
18,10.0
19,0.5
20,10.0
21,10.0
22,10.0
23,3.0
24,4.0
25,10.0
26,10.0
27,10.0
28,10.0
29,9.0
30,10.0
31,10.0
32,10.0
33,10.0
34,10.0
35,10.0
36,10.0
37,0.12
38,10.0
39,10.0
40,10.0
41,10.0
42,10.0
43,8.0
44,10.0
45,8.0
46,10.0
47,10.0
48,10.0
49,10.0
50,10.0
51,9.0
52,10.0
53,10.0
54,5.0
55,10.0
56,1.0
57,1.0
58,10.0
59,0.5
60,1.25
61,10.0
62,3.0
63,10.0
64,10.0
65,3.0
66,10.0
67,10.0
68,10.0
69,10.0
70,10.0
71,10.0
72,10.0
73,10.0
74,10.0
75,10.0
76,10.0
77,10.0
78,10.0
79,10.0
80,10.0
81,1.25
82,1.25
83,10.0
84,3.0
85,10.0
86,8.0
87,10.0
88,7.0
89,10.0
90,10.0
91,9.0
92,10.0
93,10.0
94,10.0
95,10.0
96,10.0
97,0.12
98,10.0
99,10.0
100,10.0
101,10.0
102,10.0
103,8.0
104,10.0
105,10.0
106,6.0
107,10.0
108,6.0
109,10.0
110,10.0
111,6.0
112,10.0
113,10.0
114,10.0
115,10.0
116,3.0
117,10.0
118,8.0
119,3.0
120,10.0
121,10.0
122,10.0
123,10.0
124,10.0
125,10.0
126,1.75
127,1.0
128,10.0
129,6.0
130,9.0
131,10.0
132,10.0
133,10.0
134,10.0
135,0.12
136,10.0
137,9.0
138,10.0
139,10.0
140,8.0
141,10.0
142,10.0
143,6.0
144,10.0
145,6.0
146,6.0
147,1.75
148,10.0
149,10.0
150,9.0
151,10.0
152,10.0
153,10.0
154,1.0
155,10.0
156,10.0
157,3.0
158,6.0
159,7.0
160,1.0
161,0.12
162,10.0
163,1.0
164,9.0
165,3.0
166,10.0
167,10.0
168,10.0
169,8.0
170,8.0
171,10.0
172,10.0
173,10.0
174,1.75
175,10.0
176,3.0
177,10.0
178,10.0
179,10.0
180,10.0
181,10.0
182,9.0
183,10.0
184,10.0
185,10.0
186,10.0
187,10.0
188,10.0
189,10.0
190,1.0
191,3.0
192,10.0
193,10.0
194,10.0
195,1.0
196,10.0
197,10.0
198,10.0
199,10.0
200,3.0
201,10.0
202,10.0
203,10.0
204,10.0
205,10.0
206,10.0
207,10.0
208,0.12
209,3.0
210,10.0
211,10.0
212,1.0
213,3.0
214,10.0
215,10.0
216,10.0
217,10.0
218,10.0
219,10.0
220,8.0
221,10.0
222,8.0
223,10.0
224,0.5
225,10.0
226,10.0
227,10.0
228,1.0
229,10.0
230,10.0
231,10.0
232,10.0
233,9.0
234,10.0
235,1.75
236,1.0
237,1.75
238,10.0
239,10.0
240,10.0
241,10.0
242,10.0
243,10.0
244,10.0
245,10.0
246,10.0
247,10.0
248,10.0
249,10.0
250,10.0
251,10.0
252,10.0
253,10.0
254,8.0
255,10.0
256,10.0
257,0.5
258,10.0
259,3.0
260,10.0
261,1.25
262,10.0
263,10.0
264,8.0
265,10.0
266,10.0
267,9.0
268,10.0
269,10.0
270,10.0
271,10.0
272,10.0
273,3.0
274,10.0
275,6.0
276,10.0
277,10.0
278,10.0
279,10.0
280,10.0
281,10.0
282,10.0
283,10.0
284,8.0
285,10.0
286,10.0
287,10.0
288,10.0
289,7.0
290,9.0
291,10.0
292,6.0
293,10.0
294,10.0
295,10.0
296,10.0
297,10.0
298,6.0
299,6.0
300,3.0
301,10.0
302,10.0
303,10.0
304,0.12
305,10.0
306,0.5
307,10.0
308,10.0
309,9.0
310,10.0
311,10.0
312,6.0
313,9.0
314,10.0
315,7.0
316,7.0
317,10.0
318,10.0
319,10.0
320,10.0
321,10.0
322,9.0
323,10.0
324,0.5
325,10.0
326,10.0
327,10.0
328,10.0
329,10.0
330,10.0
331,10.0
332,4.0
333,6.0
334,10.0
335,10.0
336,3.0
337,9.0
338,10.0
339,6.0
340,10.0
341,3.0
342,1.0
343,10.0
344,10.0
345,10.0
346,10.0
347,10.0
348,10.0
349,10.0
350,10.0
351,10.0
352,10.0
353,10.0
354,10.0
355,3.0
356,10.0
357,6.0
358,10.0
359,10.0
360,2.5
361,10.0
362,10.0
363,10.0
364,10.0
365,10.0
366,10.0
367,10.0
368,10.0
369,10.0
370,10.0
371,0.5
372,9.0
373,10.0
374,10.0
375,10.0
376,5.0
377,10.0
378,10.0
379,10.0
380,10.0
381,10.0
382,7.0
383,3.0
384,10.0
385,10.0
386,10.0
387,10.0
388,10.0
389,10.0
390,10.0
391,1.0
392,10.0
393,10.0
394,10.0
395,10.0
396,2.0
397,3.0
398,9.0
399,10.0
400,10.0
401,10.0
402,10.0
403,9.0
404,10.0
405,8.0
406,10.0
407,10.0
408,10.0
409,8.0
410,9.0
411,10.0
412,10.0
413,10.0
414,1.0
415,10.0
416,10.0
417,10.0
418,3.0
419,9.0
420,7.0
421,10.0
422,10.0
423,10.0
424,2.5
425,10.0
426,10.0
427,10.0
428,2.5
429,10.0
430,10.0
431,4.0
432,3.0
433,10.0
434,10.0
435,6.0
436,10.0
437,10.0
438,10.0
439,10.0
440,1.0
441,10.0
442,9.0
443,10.0
444,10.0
445,10.0
446,10.0
447,6.0
448,10.0
449,10.0
450,1.75
451,10.0
452,10.0
453,0.12
454,7.0
455,1.0
456,0.12
457,10.0
458,8.0
459,10.0
460,10.0
461,10.0
462,10.0
463,10.0
464,9.0
465,10.0
466,10.0
467,10.0
468,10.0
469,8.0
470,9.0
471,0.5
472,10.0
473,7.0
474,10.0
475,3.0
476,10.0
477,10.0
478,10.0
479,8.0
480,10.0
481,10.0
482,1.75
483,10.0
484,10.0
485,10.0
486,1.0
487,10.0
488,10.0
489,10.0
490,3.0
491,10.0
492,10.0
493,10.0
494,8.0
495,10.0
496,10.0
497,10.0
498,1.0
499,10.0
500,10.0
501,10.0
502,10.0
503,3.0
504,10.0
505,10.0
506,10.0
507,10.0
508,10.0
509,10.0
510,6.0
511,10.0
512,10.0
513,10.0
514,8.0
515,4.0
516,10.0
517,10.0
518,0.12
519,10.0
520,10.0
521,10.0
522,10.0
523,10.0
524,8.0
525,8.0
526,3.0
527,10.0
528,10.0
529,10.0
530,0.12
531,10.0
532,10.0
533,10.0
534,8.0
535,10.0
536,10.0
537,9.0
538,10.0
539,10.0
540,10.0
541,10.0
542,5.0
543,7.0
544,10.0
545,10.0
546,0.12
547,10.0
548,10.0
549,1.25
550,1.0
551,1.75
552,9.0
553,10.0
554,10.0
555,10.0
556,10.0
557,7.0
558,10.0
559,6.0
560,3.0
561,10.0
562,10.0
563,10.0
564,10.0
565,10.0
566,9.0
567,8.0
568,1.0
569,10.0
570,10.0
571,10.0
572,10.0
573,10.0
574,8.0
575,10.0
576,10.0
577,10.0
578,0.12
579,10.0
580,10.0
581,10.0
582,10.0
583,10.0
584,0.12
585,10.0
586,10.0
587,10.0
588,10.0
589,10.0
590,8.0
591,10.0
592,10.0
593,10.0
594,6.0
595,10.0
596,10.0
597,10.0
598,10.0
599,10.0
600,7.0
601,10.0
602,10.0
603,10.0
604,7.0
605,10.0
606,10.0
607,10.0
608,9.0
609,10.0
610,10.0
611,9.0
612,10.0
613,6.0
614,10.0
615,3.0
616,3.0
617,3.0
618,0.12
619,5.0
620,0.12
621,10.0
622,10.0
623,10.0
624,7.0
625,10.0
626,10.0
627,0.5
628,10.0
629,10.0
630,3.0
631,7.0
632,10.0
633,10.0
634,9.0
635,10.0
636,3.0
637,9.0
638,10.0
639,10.0
640,10.0
641,10.0
642,3.0
643,10.0
644,1.0
645,0.12
646,3.0
647,9.0
648,0.12
649,10.0
650,3.0
651,10.0
652,8.0
653,10.0
654,10.0
655,10.0
656,10.0
657,10.0
658,1.0
659,6.0
660,3.0
661,10.0
662,10.0
663,9.0
664,10.0
665,10.0
666,10.0
667,10.0
668,10.0
669,3.0
670,10.0
671,9.0
672,9.0
673,10.0
674,10.0
675,10.0
676,10.0
677,5.0
678,10.0
679,6.0
680,10.0
681,10.0
682,10.0
683,10.0
684,3.0
685,10.0
686,9.0
687,3.0
688,10.0
689,10.0
690,10.0
691,1.0
692,9.0
693,3.0
694,10.0
695,10.0
696,10.0
697,6.0
698,10.0
699,10.0
700,1.0
701,10.0
702,7.0
703,10.0
704,10.0
705,9.0
706,10.0
707,6.0
708,10.0
709,10.0
710,10.0
711,10.0
712,10.0
713,10.0
714,10.0
715,10.0
716,10.0
717,10.0
718,10.0
719,1.0
720,10.0
721,10.0
722,10.0
723,10.0
724,10.0
725,10.0
726,3.0
727,4.0
728,10.0
729,10.0
730,10.0
731,10.0
732,10.0
733,9.0
734,10.0
735,10.0
736,3.0
737,9.0
738,0.12
739,10.0
740,10.0
741,10.0
742,3.0
743,10.0
744,10.0
745,10.0
746,10.0
747,10.0
748,5.0
749,10.0
750,10.0
751,9.0
752,3.0
753,6.0
754,10.0
755,10.0
756,10.0
757,10.0
758,10.0
759,10.0
760,10.0
761,10.0
762,10.0
763,10.0
764,10.0
765,2.0
766,10.0
767,6.0
768,0.12
769,10.0
770,10.0
771,10.0
772,10.0
773,1.75
774,10.0
775,1.25
776,10.0
777,10.0
778,7.0
779,9.0
780,10.0
781,10.0
782,10.0
783,10.0
784,10.0
785,10.0
786,10.0
787,10.0
788,0.12
789,10.0
790,10.0
791,2.5
792,10.0
793,10.0
794,10.0
795,10.0
796,10.0
797,8.0
798,10.0
799,6.0
800,10.0
801,10.0
802,10.0
803,10.0
804,10.0
805,10.0
806,10.0
807,6.0
808,10.0
809,10.0
810,7.0
811,10.0
812,0.12
813,10.0
814,7.0
815,10.0
816,7.0
817,10.0
818,10.0
819,10.0
820,10.0
821,10.0
822,7.0
823,10.0
824,10.0
825,10.0
826,10.0
827,10.0
828,10.0
829,10.0
830,2.0
831,10.0
832,8.0
833,10.0
834,10.0
835,9.0
836,10.0
837,10.0
838,10.0
839,9.0
840,10.0
841,7.0
842,9.0
843,10.0
844,10.0
845,10.0
846,10.0
847,10.0
848,0.12
849,10.0
850,10.0
851,3.0
852,10.0
853,10.0
854,3.0
855,10.0
856,10.0
857,8.0
858,10.0
859,10.0
860,9.0
861,1.0
862,10.0
863,10.0
864,10.0
865,10.0
866,9.0
867,10.0
868,8.0
869,3.0
870,10.0
871,10.0
872,10.0
873,10.0
874,1.0
875,10.0
876,10.0
877,10.0
878,10.0
879,3.0
880,10.0
881,10.0
882,10.0
883,6.0
884,10.0
885,8.0
886,10.0
887,10.0
888,10.0
889,10.0
890,10.0
891,10.0
892,10.0
893,9.0
894,10.0
895,10.0
896,10.0
897,10.0
898,0.12
899,0.12
900,10.0
901,10.0
902,10.0
903,10.0
904,3.0
905,3.0
906,10.0
907,10.0
908,0.12
909,10.0
910,10.0
911,9.0
912,10.0
913,10.0
914,10.0
915,1.0
916,10.0
917,10.0
918,6.0
919,10.0
920,10.0
921,10.0
922,10.0
923,9.0
924,5.0
925,10.0
926,10.0
927,10.0
928,9.0
929,10.0
930,10.0
931,10.0
932,10.0
933,10.0
934,0.5
935,9.0
936,0.12
937,0.5
938,7.0
939,10.0
940,8.0
941,10.0
942,10.0
943,10.0
944,3.0
945,10.0
946,3.0
947,2.0
948,10.0
949,10.0
950,10.0
951,10.0
952,10.0
953,5.0
954,3.0
955,1.0
956,10.0
957,10.0
958,10.0
959,10.0
960,10.0
961,10.0
962,0.12
963,0.5
964,7.0
965,1.0
966,10.0
967,10.0
968,10.0
969,3.0
970,10.0
971,1.0
972,10.0
973,10.0
974,10.0
975,10.0
976,3.0
977,10.0
978,10.0
979,10.0
980,10.0
981,10.0
982,10.0
983,6.0
984,10.0
985,10.0
986,10.0
987,10.0
988,10.0
989,6.0
990,10.0
991,3.0
992,10.0
993,6.0
994,10.0
995,3.0
996,10.0
997,9.0
998,10.0
999,6.0
1000,10.0
1001,10.0
1002,10.0
1003,7.0
1004,10.0
1005,10.0
1006,10.0
1007,10.0
1008,10.0
1009,8.0
1010,10.0
1011,6.0
1012,10.0
1013,10.0
1014,10.0
1015,10.0
1016,10.0
1017,10.0
1018,10.0
1019,10.0
1020,0.12
1021,0.12
1022,10.0
1023,10.0
1024,6.0
1025,10.0
1026,3.0
1027,10.0
1028,10.0
1029,6.0
1030,10.0
1031,10.0
1032,10.0
1033,0.12
1034,10.0
1035,10.0
1036,5.0
1037,10.0
1038,10.0
1039,10.0
1040,5.0
1041,10.0
1042,7.0
1043,10.0
1044,10.0
1045,10.0
1046,10.0
1047,10.0
1048,10.0
1049,10.0
1050,10.0
1051,1.0
1052,0.12
1053,3.0
1054,10.0
1055,10.0
1056,10.0
1057,7.0
1058,10.0
1059,10.0
1060,0.12
1061,10.0
1062,7.0
1063,10.0
1064,8.0
1065,1.0
1066,10.0
1067,10.0
1068,9.0
1069,10.0
1070,2.0
1071,10.0
1072,10.0
1073,10.0
1074,10.0
1075,8.0
1076,10.0
1077,10.0
1078,1.5
1079,10.0
1080,10.0
1081,10.0
1082,10.0
1083,10.0
1084,10.0
1085,10.0
1086,10.0
1087,10.0
1088,10.0
1089,10.0
1090,10.0
1091,10.0
1092,10.0
1093,9.0
1094,10.0
1095,10.0
1096,9.0
1097,8.0
1098,10.0
1099,10.0
1100,10.0
1101,10.0
1102,10.0
1103,10.0
1104,10.0
1105,0.12
1106,10.0
1107,10.0
1108,3.0
1109,0.5
1110,10.0
1111,9.0
1112,10.0
1113,1.0
1114,10.0
1115,10.0
1116,10.0
1117,3.0
1118,2.0
1119,10.0
1120,1.0
1121,3.0
1122,10.0
1123,10.0
1124,10.0
1125,10.0
1126,7.0
1127,10.0
1128,10.0
1129,10.0
1130,10.0
1131,8.0
1132,1.0
1133,10.0
1134,1.0
1135,10.0
1136,8.0
1137,10.0
1138,10.0
1139,10.0
1140,10.0
1141,8.0
1142,10.0
1143,8.0
1144,10.0
1145,9.0
1146,10.0
1147,10.0
1148,0.5
1149,10.0
1150,10.0
1151,10.0
1152,10.0
1153,2.0
1154,10.0
1155,10.0
1156,10.0
1157,5.0
1158,10.0
1159,10.0
1160,1.0
1161,10.0
1162,9.0
1163,1.75
1164,10.0
1165,10.0
1166,9.0
1167,10.0
1168,10.0
1169,6.0
1170,10.0
1171,6.0
1172,10.0
1173,10.0
1174,10.0
1175,10.0
1176,10.0
1177,10.0
1178,10.0
1179,7.0
1180,10.0
1181,10.0
1182,0.12
1183,10.0
1184,8.0
1185,10.0
1186,10.0
1187,10.0
1188,10.0
1189,0.12
1190,6.0
1191,10.0
1192,10.0
1193,9.0
1194,3.0
1195,10.0
1196,10.0
1197,10.0
1198,10.0
1199,10.0
1200,10.0
1201,10.0
1202,10.0
1203,10.0
1204,10.0
1205,9.0
1206,9.0
1207,9.0
1208,10.0
1209,10.0
1210,1.0
1211,10.0
1212,10.0
1213,10.0
1214,10.0
1215,8.0
1216,10.0
1217,9.0
1218,3.0
1219,10.0
1220,10.0
1221,10.0
1222,10.0
1223,10.0
1224,6.0
1225,10.0
1226,10.0
1227,0.5
1228,3.0
1229,10.0
1230,0.5
1231,3.0
1232,10.0
1233,3.0
1234,10.0
1235,10.0
1236,10.0
1237,10.0
1238,6.0
1239,0.5
1240,8.0
1241,10.0
1242,10.0
1243,0.12
1244,10.0
1245,10.0
1246,10.0
1247,10.0
1248,10.0
1249,10.0
1250,10.0
1251,10.0
1252,10.0
1253,9.0
1254,10.0
1255,10.0
1256,10.0
1257,8.0
1258,8.0
1259,1.0
1260,9.0
1261,3.0
1262,9.0
1263,10.0
1264,0.12
1265,10.0
1266,10.0
1267,10.0
1268,10.0
1269,10.0
1270,10.0
1271,6.0
1272,9.0
1273,7.0
1274,10.0
1275,10.0
1276,9.0
1277,10.0
1278,8.0
1279,10.0
1280,8.0
1281,3.0
1282,10.0
1283,10.0
1284,10.0
1285,3.0
1286,10.0
1287,10.0
1288,1.75
1289,10.0
1290,10.0
1291,10.0
1292,7.0
1293,9.0
1294,10.0
1295,10.0
1296,7.0
1297,9.0
1298,10.0
1299,8.0
1300,10.0
1301,9.0
1302,1.0
1303,10.0
1304,10.0
1305,10.0
1306,10.0
1307,0.12
1308,10.0
1309,7.0
1310,9.0
1311,8.0
1312,10.0
1313,9.0
1314,10.0
1315,10.0
1316,10.0
1317,10.0
1318,10.0
1319,9.0
1320,10.0
1321,10.0
1322,10.0
1323,3.0
1324,10.0
1325,3.0
1326,10.0
1327,10.0
1328,3.0
1329,10.0
1330,10.0
1331,10.0
1332,10.0
1333,7.0
1334,10.0
1335,8.0
1336,10.0
1337,0.12
1338,10.0
1339,10.0
1340,3.0
1341,8.0
1342,10.0
1343,1.75
1344,3.0
1345,0.12
1346,10.0
1347,7.0
1348,10.0
1349,5.0
1350,10.0
1351,6.0
1352,10.0
1353,9.0
1354,10.0
1355,10.0
1356,10.0
1357,10.0
1358,10.0
1359,10.0
1360,10.0
1361,1.0
1362,10.0
1363,1.0
1364,1.0
1365,10.0
1366,10.0
1367,10.0
1368,1.0
1369,10.0
1370,8.0
1371,10.0
1372,10.0
1373,10.0
1374,10.0
1375,0.12
1376,8.0
1377,1.0
1378,10.0
1379,10.0
1380,10.0
1381,10.0
1382,6.0
1383,10.0
1384,3.0
1385,10.0
1386,10.0
1387,10.0
1388,10.0
1389,10.0
1390,5.0
1391,10.0
1392,10.0
1393,6.0
1394,10.0
1395,10.0
1396,10.0
1397,8.0
1398,6.0
1399,7.0
1400,10.0
1401,8.0
1402,0.12
1403,10.0
1404,10.0
1405,0.25
1406,10.0
1407,10.0
1408,9.0
1409,10.0
1410,10.0
1411,10.0
1412,10.0
1413,3.0
1414,3.0
1415,7.0
1416,10.0
1417,10.0
1418,8.0
1419,8.0
1420,10.0
1421,10.0
1422,10.0
1423,1.0
1424,10.0
1425,10.0
1426,10.0
1427,4.0
1428,10.0
1429,10.0
1430,10.0
1431,3.0
1432,8.0
1433,10.0
1434,5.0
1435,10.0
1436,10.0
1437,10.0
1438,8.0
1439,10.0
1440,3.0
1441,10.0
1442,10.0
1443,10.0
1444,10.0
1445,10.0
1446,10.0
1447,10.0
1448,10.0
1449,10.0
1450,10.0
1451,10.0
1452,9.0
1453,10.0
1454,10.0
1455,10.0
1456,10.0
1457,10.0
1458,7.0
1459,3.0
1460,8.0
1461,10.0
1462,1.0
1463,10.0
1464,10.0
1465,7.0
1466,10.0
1467,10.0
1468,10.0
1469,8.0
1470,10.0
1471,3.0
1472,3.0
1473,1.0
1474,10.0
1475,10.0
1476,3.0
1477,10.0
1478,6.0
1479,10.0
1480,10.0
1481,10.0
1482,3.0
1483,7.0
1484,10.0
1485,10.0
1486,10.0
1487,10.0
1488,8.0
1489,6.0
1490,10.0
1491,8.0
1492,10.0
1493,10.0
1494,3.0
1495,2.0
1496,1.0
1497,10.0
1498,10.0
1499,10.0
1500,10.0
1501,10.0
1502,1.0
1503,10.0
1504,10.0
1505,10.0
1506,10.0
1507,6.0
1508,9.0
1509,3.0
1510,3.0
1511,0.5
1512,10.0
1513,10.0
1514,10.0
1515,10.0
1516,10.0
1517,0.12
1518,10.0
1519,10.0
1520,8.0
1521,10.0
1522,10.0
1523,10.0
1524,10.0
1525,10.0
1526,10.0
1527,10.0
1528,10.0
1529,8.0
1530,3.0
1531,10.0
1532,10.0
1533,6.0
1534,10.0
1535,10.0
1536,3.0
1537,10.0
1538,10.0
1539,9.0
1540,0.12
1541,10.0
1542,10.0
1543,10.0
1544,10.0
1545,3.0
1546,10.0
1547,10.0
1548,10.0
1549,10.0
1550,10.0
1551,9.0
1552,10.0
1553,10.0
1554,10.0
1555,3.0
1556,10.0
1557,10.0
1558,10.0
1559,1.0
1560,10.0
1561,6.0
1562,10.0
1563,10.0
1564,10.0
1565,10.0
1566,1.0
1567,5.0
1568,8.0
1569,10.0
1570,10.0
1571,0.5
1572,10.0
1573,6.0
1574,8.0
1575,10.0
1576,10.0
1577,10.0
1578,5.0
1579,10.0
1580,10.0
1581,10.0
1582,10.0
1583,10.0
1584,10.0
1585,10.0
1586,8.0
1587,9.0
1588,10.0
1589,10.0
1590,10.0
1591,10.0
1592,9.0
1593,10.0
1594,10.0
1595,9.0
1596,10.0
1597,0.12
1598,10.0
1599,3.0
1600,10.0
1601,10.0
1602,8.0
1603,1.0
1604,10.0
1605,1.0
1606,10.0
1607,10.0
1608,10.0
1609,8.0
1610,9.0
1611,10.0
1612,8.0
1613,10.0
1614,10.0
1615,10.0
1616,10.0
1617,10.0
1618,10.0
1619,10.0
1620,8.0
1621,10.0
1622,7.0
1623,5.0
1624,10.0
1625,10.0
1626,2.0
1627,10.0
1628,10.0
1629,10.0
1630,10.0
1631,10.0
1632,10.0
1633,7.0
1634,10.0
1635,10.0
1636,10.0
1637,10.0
1638,10.0
1639,8.0
1640,10.0
1641,10.0
1642,10.0
1643,10.0
1644,10.0
1645,10.0
1646,10.0
1647,10.0
1648,10.0
1649,10.0
1650,10.0
1651,10.0
1652,10.0
1653,10.0
1654,10.0
1655,10.0
1656,8.0
1657,9.0
1658,10.0
1659,10.0
1660,10.0
1661,9.0
1662,10.0
1663,10.0
1664,10.0
1665,10.0
1666,10.0
1667,10.0
1668,10.0
1669,10.0
1670,10.0
1671,10.0
1672,10.0
1673,10.0
1674,10.0
1675,10.0
1676,9.0
1677,10.0
1678,1.25
1679,10.0
1680,10.0
1681,7.0
1682,10.0
1683,9.0
1684,10.0
1685,10.0
1686,10.0
1687,10.0
1688,10.0
1689,10.0
1690,1.0
1691,6.0
1692,10.0
1693,10.0
1694,10.0
1695,10.0
1696,10.0
1697,10.0
1698,10.0
1699,10.0
1700,10.0
1701,3.0
1702,10.0
1703,3.0
1704,0.12
1705,3.0
1706,3.0
1707,10.0
1708,10.0
1709,8.0
1710,10.0
1711,10.0
1712,10.0
1713,6.0
1714,10.0
1715,10.0
1716,10.0
1717,10.0
1718,10.0
1719,10.0
1720,10.0
1721,10.0
1722,10.0
1723,10.0
1724,10.0
1725,6.0
1726,10.0
1727,10.0
1728,10.0
1729,10.0
1730,3.0
1731,10.0
1732,7.0
1733,10.0
1734,7.0
1735,9.0
1736,10.0
1737,10.0
1738,9.0
1739,10.0
1740,10.0
1741,10.0
1742,10.0
1743,10.0
1744,10.0
1745,10.0
1746,8.0
1747,10.0
1748,10.0
1749,10.0
1750,10.0
1751,10.0
1752,9.0
1753,8.0
1754,10.0
1755,10.0
1756,10.0
1757,8.0
1758,10.0
1759,10.0
1760,10.0
1761,10.0
1762,10.0
1763,10.0
1764,6.0
1765,10.0
1766,10.0
1767,1.0
1768,10.0
1769,6.0
1770,10.0
1771,10.0
1772,10.0
1773,0.12
1774,10.0
1775,10.0
1776,10.0
1777,10.0
1778,10.0
1779,3.0
1780,10.0
1781,7.0
1782,10.0
1783,9.0
1784,10.0
1785,10.0
1786,10.0
1787,10.0
1788,10.0
1789,7.0
1790,10.0
1791,10.0
1792,10.0
1793,10.0
1794,10.0
1795,10.0
1796,2.0
1797,10.0
1798,10.0
1799,10.0
1800,10.0
1801,10.0
1802,7.0
1803,10.0
1804,10.0
1805,10.0
1806,10.0
1807,10.0
1808,10.0
1809,10.0
1810,8.0
1811,10.0
1812,10.0
1813,6.0
1814,3.0
1815,10.0
1816,10.0
1817,0.12
1818,10.0
1819,1.0
1820,8.0
1821,10.0
1822,9.0
1823,3.0
1824,10.0
1825,10.0
1826,10.0
1827,10.0
1828,10.0
1829,10.0
1830,10.0
1831,10.0
1832,10.0
1833,10.0
1834,10.0
1835,3.0
1836,10.0
1837,0.12
1838,10.0
1839,10.0
1840,10.0
1841,10.0
1842,10.0
1843,10.0
1844,10.0
1845,10.0
1846,10.0
1847,10.0
1848,10.0
1849,10.0
1850,10.0
1851,1.75
1852,1.0
1853,10.0
1854,3.0
1855,10.0
1856,10.0
1857,10.0
1858,10.0
1859,10.0
1860,10.0
1861,9.0
1862,10.0
1863,7.0
1864,3.0
1865,10.0
1866,1.0
1867,10.0
1868,9.0
1869,10.0
1870,7.0
1871,10.0
1872,10.0
1873,9.0
1874,10.0
1875,8.0
1876,10.0
1877,3.0
1878,10.0
1879,10.0
1880,10.0
1881,10.0
1882,10.0
1883,10.0
1884,10.0
1885,9.0
1886,10.0
1887,7.0
1888,9.0
1889,10.0
1890,10.0
1891,10.0
1892,6.0
1893,10.0
1894,10.0
1895,10.0
1896,10.0
1897,10.0
1898,10.0
1899,10.0
1900,6.0
1901,10.0
1902,3.0
1903,1.0
1904,10.0
1905,2.0
1906,10.0
1907,10.0
1908,5.0
1909,10.0
1910,10.0
1911,10.0
1912,9.0
1913,10.0
1914,10.0
1915,10.0
1916,6.0
1917,3.0
1918,6.0
1919,1.75
1920,10.0
1921,8.0
1922,10.0
1923,7.0
1924,7.0
1925,10.0
1926,10.0
1927,10.0
1928,1.25
1929,10.0
1930,0.5
1931,10.0
1932,10.0
1933,10.0
1934,10.0
1935,10.0
1936,10.0
1937,8.0
1938,10.0
1939,10.0
1940,8.0
1941,10.0
1942,1.0
1943,9.0
1944,10.0
1945,1.75
1946,10.0
1947,10.0
1948,10.0
1949,10.0
1950,10.0
1951,10.0
1952,10.0
1953,10.0
1954,9.0
1955,1.0
1956,10.0
1957,0.12
1958,3.0
1959,10.0
1960,10.0
1961,10.0
1962,10.0
1963,0.12
1964,10.0
1965,10.0
1966,10.0
1967,10.0
1968,10.0
1969,10.0
1970,10.0
1971,10.0
1972,10.0
1973,0.12
1974,10.0
1975,10.0
1976,10.0
1977,10.0
1978,8.0
1979,3.0
1980,9.0
1981,3.0
1982,1.0
1983,0.12
1984,10.0
1985,10.0
1986,10.0
1987,9.0
1988,10.0
1989,10.0
1990,7.0
1991,10.0
1992,9.0
1993,9.0
1994,10.0
1995,10.0
1996,8.0
1997,10.0
1998,10.0
1999,7.0
2000,10.0
2001,10.0
2002,1.0
2003,10.0
2004,9.0
2005,10.0
2006,3.0
2007,8.0
2008,10.0
2009,10.0
2010,10.0
2011,5.0
2012,8.0
2013,10.0
2014,10.0
2015,0.12
2016,10.0
2017,10.0
2018,10.0
2019,10.0
2020,10.0
2021,10.0
2022,10.0
2023,9.0
2024,9.0
2025,10.0
2026,10.0
2027,10.0
2028,10.0
2029,10.0
2030,10.0
2031,10.0
2032,10.0
2033,10.0
2034,10.0
2035,10.0
2036,1.0
2037,10.0
2038,3.0
2039,10.0
2040,9.0
2041,10.0
2042,8.0
2043,10.0
2044,7.0
2045,10.0
2046,8.0
2047,10.0
2048,8.0
2049,10.0
2050,10.0
2051,0.5
2052,10.0
2053,8.0
2054,10.0
2055,10.0
2056,10.0
2057,10.0
2058,10.0
2059,10.0
2060,10.0
2061,10.0
2062,10.0
2063,10.0
2064,9.0
2065,8.0
2066,3.0
2067,10.0
2068,10.0
2069,7.0
2070,10.0
2071,10.0
2072,10.0
2073,10.0
2074,10.0
2075,10.0
2076,8.0
2077,10.0
2078,10.0
2079,10.0
2080,10.0
2081,3.0
2082,10.0
2083,3.0
2084,10.0
2085,9.0
2086,6.0
2087,5.0
2088,10.0
2089,10.0
2090,10.0
2091,10.0
2092,10.0
2093,10.0
2094,10.0
2095,5.0
2096,10.0
2097,8.0
2098,10.0
2099,10.0
2100,0.5
2101,10.0
2102,3.0
2103,10.0
2104,10.0
2105,10.0
2106,10.0
2107,10.0
2108,6.0
2109,10.0
2110,2.0
2111,10.0
2112,8.0
2113,10.0
2114,10.0
2115,10.0
2116,10.0
2117,10.0
2118,10.0
2119,10.0
2120,10.0
2121,9.0
2122,8.0
2123,8.0
2124,10.0
2125,10.0
2126,10.0
2127,10.0
2128,10.0
2129,10.0
2130,10.0
2131,9.0
2132,1.75
2133,10.0
2134,10.0
2135,10.0
2136,10.0
2137,10.0
2138,10.0
2139,10.0
2140,8.0
2141,10.0
2142,10.0
2143,10.0
2144,7.0
2145,10.0
2146,10.0
2147,10.0
2148,9.0
2149,10.0
2150,10.0
2151,3.0
2152,9.0
2153,0.12
2154,7.0
2155,7.0
2156,10.0
2157,10.0
2158,10.0
2159,8.0
2160,10.0
2161,10.0
2162,10.0
2163,10.0
2164,3.0
2165,10.0
2166,10.0
2167,10.0
2168,10.0
2169,8.0
2170,10.0
2171,10.0
2172,9.0
2173,1.0
2174,10.0
2175,7.0
2176,9.0
2177,8.0
2178,10.0
2179,7.0
2180,10.0
2181,10.0
2182,2.0
2183,0.12
2184,10.0
2185,3.0
2186,10.0
2187,10.0
2188,10.0
2189,10.0
2190,10.0
2191,10.0
2192,10.0
2193,5.0
2194,10.0
2195,10.0
2196,9.0
2197,1.25
2198,10.0
2199,3.0
2200,7.0
2201,10.0
2202,1.0
2203,10.0
2204,10.0
2205,10.0
2206,10.0
2207,7.0
2208,9.0
2209,10.0
2210,10.0
2211,10.0
2212,9.0
2213,3.0
2214,10.0
2215,10.0
2216,10.0
2217,9.0
2218,10.0
2219,10.0
2220,10.0
2221,10.0
2222,10.0
2223,9.0
2224,10.0
2225,10.0
2226,10.0
2227,5.0
2228,10.0
2229,10.0
2230,1.0
2231,3.0
2232,10.0
2233,10.0
2234,10.0
2235,10.0
2236,10.0
2237,8.0
2238,0.5
2239,3.0
2240,3.0
2241,1.75
2242,10.0
2243,10.0
2244,10.0
2245,10.0
2246,10.0
2247,10.0
2248,10.0
2249,10.0
2250,10.0
2251,10.0
2252,10.0
2253,10.0
2254,10.0
2255,10.0
2256,10.0
2257,5.0
2258,10.0
2259,10.0
2260,10.0
2261,10.0
2262,10.0
2263,0.5
2264,10.0
2265,10.0
2266,10.0
2267,10.0
2268,10.0
2269,0.5
2270,10.0
2271,10.0
2272,10.0
2273,10.0
2274,10.0
2275,10.0
2276,10.0
2277,10.0
2278,10.0
2279,10.0
2280,10.0
2281,10.0
2282,3.0
2283,10.0
2284,10.0
2285,10.0
2286,10.0
2287,10.0
2288,10.0
2289,10.0
2290,9.0
2291,9.0
2292,1.0
2293,0.12
2294,10.0
2295,10.0
2296,10.0
2297,10.0
2298,10.0
2299,10.0
2300,9.0
2301,7.0
2302,8.0
2303,10.0
2304,10.0
2305,3.0
2306,10.0
2307,10.0
2308,0.12
2309,0.5
2310,10.0
2311,10.0
2312,10.0
2313,0.5
2314,10.0
2315,5.0
2316,10.0
2317,10.0
2318,10.0
2319,7.0
2320,10.0
2321,10.0
2322,10.0
2323,10.0
2324,8.0
2325,10.0
2326,3.0
2327,3.0
2328,9.0
2329,1.0
2330,10.0
2331,10.0
2332,10.0
2333,10.0
2334,6.0
2335,10.0
2336,10.0
2337,0.5
2338,10.0
2339,10.0
2340,10.0
2341,10.0
2342,10.0
2343,0.12
2344,10.0
2345,10.0
2346,10.0
2347,10.0
2348,10.0
2349,3.0
2350,10.0
2351,10.0
2352,10.0
2353,10.0
2354,10.0
2355,10.0
2356,9.0
2357,10.0
2358,10.0
2359,10.0
2360,10.0
2361,8.0
2362,3.0
2363,10.0
2364,8.0
2365,10.0
2366,2.0
2367,10.0
2368,10.0
2369,10.0
2370,0.12
2371,3.0
2372,8.0
2373,10.0
2374,0.12
2375,10.0
2376,3.0
2377,3.0
2378,1.0
2379,10.0
2380,10.0
2381,10.0
2382,1.0
2383,10.0
2384,10.0
2385,10.0
2386,10.0
2387,10.0
2388,10.0
2389,9.0
2390,10.0
2391,10.0
2392,10.0
2393,10.0
2394,10.0
2395,3.0
2396,10.0
2397,10.0
2398,10.0
2399,10.0
2400,10.0
2401,10.0
2402,10.0
2403,10.0
2404,10.0
2405,10.0
2406,0.12
2407,10.0
2408,6.0
2409,7.0
2410,10.0
2411,8.0
2412,8.0
2413,10.0
2414,10.0
2415,0.5
2416,5.0
2417,8.0
2418,3.0
2419,9.0
2420,10.0
2421,10.0
2422,10.0
2423,10.0
2424,3.0
2425,10.0
2426,10.0
2427,10.0
2428,10.0
2429,2.0
2430,10.0
2431,2.0
2432,9.0
2433,10.0
2434,7.0
2435,10.0
2436,10.0
2437,8.0
2438,0.12
2439,10.0
2440,10.0
2441,8.0
2442,10.0
2443,10.0
2444,10.0
2445,10.0
2446,10.0
2447,10.0
2448,6.0
2449,10.0
2450,10.0
2451,10.0
2452,10.0
2453,10.0
2454,10.0
2455,10.0
2456,3.0
2457,10.0
2458,10.0
2459,10.0
2460,10.0
2461,10.0
2462,10.0
2463,10.0
2464,10.0
2465,10.0
2466,8.0
2467,10.0
2468,10.0
2469,3.0
2470,10.0
2471,10.0
2472,0.12
2473,10.0
2474,10.0
2475,10.0
2476,10.0
2477,5.0
2478,10.0
2479,9.0
2480,10.0
2481,10.0
2482,10.0
2483,10.0
2484,10.0
2485,10.0
2486,10.0
2487,10.0
2488,8.0
2489,0.5
2490,10.0
2491,10.0
2492,10.0
2493,7.0
2494,10.0
2495,10.0
2496,10.0
2497,10.0
2498,10.0
2499,1.0
2500,10.0
2501,6.0
2502,10.0
2503,6.0
2504,10.0
2505,10.0
2506,10.0
2507,1.75
2508,10.0
2509,0.12
2510,10.0
2511,10.0
2512,10.0
2513,8.0
2514,10.0
2515,10.0
2516,10.0
2517,1.0
2518,10.0
2519,10.0
2520,8.0
2521,10.0
2522,10.0
2523,10.0
2524,10.0
2525,9.0
2526,10.0
2527,0.5
2528,10.0
2529,10.0
2530,10.0
2531,10.0
2532,9.0
2533,10.0
2534,10.0
2535,10.0
2536,6.0
2537,10.0
2538,2.0
2539,1.0
2540,10.0
2541,10.0
2542,10.0
2543,10.0
2544,0.12
2545,9.0
2546,10.0
2547,8.0
2548,10.0
2549,1.0
2550,10.0
2551,8.0
2552,10.0
2553,10.0
2554,6.0
2555,0.12
2556,0.12
2557,10.0
2558,10.0
2559,10.0
2560,5.0
2561,10.0
2562,10.0
2563,10.0
2564,10.0
2565,10.0
2566,10.0
2567,6.0
2568,10.0
2569,10.0
2570,10.0
2571,6.0
2572,10.0
2573,9.0
2574,1.0
2575,0.5
2576,9.0
2577,0.5
2578,10.0
2579,10.0
2580,10.0
2581,10.0
2582,2.5
2583,10.0
2584,6.0
2585,10.0
2586,10.0
2587,10.0
2588,10.0
2589,10.0
2590,10.0
2591,10.0
2592,10.0
2593,1.0
2594,8.0
2595,0.5
2596,10.0
2597,10.0
2598,10.0
2599,10.0
2600,8.0
2601,4.0
2602,1.0
2603,10.0
2604,10.0
2605,10.0
2606,10.0
2607,10.0
2608,10.0
2609,10.0
2610,1.0
2611,10.0
2612,10.0
2613,10.0
2614,10.0
2615,10.0
2616,10.0
2617,10.0
2618,10.0
2619,10.0
2620,1.0
2621,10.0
2622,9.0
2623,3.0
2624,10.0
2625,10.0
2626,9.0
2627,10.0
2628,10.0
2629,10.0
2630,10.0
2631,10.0
2632,1.0
2633,3.0
2634,10.0
2635,10.0
2636,10.0
2637,9.0
2638,7.0
2639,3.0
2640,10.0
2641,10.0
2642,7.0
2643,7.0
2644,9.0
2645,0.12
2646,3.0
2647,10.0
2648,10.0
2649,10.0
2650,10.0
2651,8.0
2652,7.0
2653,10.0
2654,0.12
2655,6.0
2656,10.0
2657,10.0
2658,10.0
2659,8.0
2660,10.0
2661,10.0
2662,10.0
2663,6.0
2664,8.0
2665,10.0
2666,7.0
2667,7.0
2668,10.0
2669,10.0
2670,9.0
2671,10.0
2672,10.0
2673,10.0
2674,10.0
2675,8.0
2676,10.0
2677,10.0
2678,10.0
2679,10.0
2680,10.0
2681,10.0
2682,3.0
2683,10.0
2684,10.0
2685,0.12
2686,9.0
2687,10.0
2688,10.0
2689,10.0
2690,8.0
2691,10.0
2692,10.0
2693,7.0
2694,10.0
2695,10.0
2696,10.0
2697,10.0
2698,10.0
2699,10.0
2700,10.0
2701,8.0
2702,10.0
2703,10.0
2704,10.0
2705,10.0
2706,10.0
2707,3.0
2708,10.0
2709,9.0
2710,10.0
2711,10.0
2712,10.0
2713,10.0
2714,3.0
2715,10.0
2716,10.0
2717,10.0
2718,10.0
2719,10.0
2720,10.0
2721,10.0
2722,10.0
2723,10.0
2724,10.0
2725,10.0
2726,8.0
2727,10.0
2728,10.0
2729,10.0
2730,7.0
2731,0.12
2732,7.0
2733,3.0
2734,10.0
2735,10.0
2736,0.12
2737,10.0
2738,10.0
2739,10.0
2740,3.0
2741,10.0
2742,10.0
2743,10.0
2744,10.0
2745,10.0
2746,6.0
2747,10.0
2748,10.0
2749,10.0
2750,9.0
2751,10.0
2752,3.0
2753,10.0
2754,10.0
2755,10.0
2756,10.0
2757,6.0
2758,10.0
2759,9.0
2760,10.0
2761,10.0
2762,3.0
2763,10.0
2764,10.0
2765,10.0
2766,10.0
2767,10.0
2768,10.0
2769,10.0
2770,9.0
2771,10.0
2772,10.0
2773,0.12
2774,10.0
2775,10.0
2776,10.0
2777,10.0
2778,7.0
2779,10.0
2780,6.0
2781,10.0
2782,8.0
2783,10.0
2784,10.0
2785,0.5
2786,10.0
2787,3.0
2788,3.0
2789,1.0
2790,10.0
2791,9.0
2792,7.0
2793,10.0
2794,10.0
2795,7.0
2796,10.0
2797,10.0
2798,10.0
2799,9.0
2800,10.0
2801,10.0
2802,10.0
2803,10.0
2804,0.12
2805,10.0
2806,10.0
2807,10.0
2808,10.0
2809,9.0
2810,10.0
2811,10.0
2812,10.0
2813,10.0
2814,9.0
2815,10.0
2816,9.0
2817,0.12
2818,0.25
2819,10.0
2820,10.0
2821,10.0
2822,3.0
2823,10.0
2824,10.0
2825,10.0
2826,10.0
2827,3.0
2828,10.0
2829,10.0
2830,3.0
2831,10.0
2832,0.12
2833,10.0
2834,10.0
2835,10.0
2836,10.0
2837,10.0
2838,10.0
2839,10.0
2840,10.0
2841,6.0
2842,5.0
2843,9.0
2844,7.0
2845,10.0
2846,7.0
2847,10.0
2848,10.0
2849,0.12
2850,7.0
2851,10.0
2852,10.0
2853,10.0
2854,10.0
2855,2.0
2856,8.0
2857,10.0
2858,10.0
2859,5.0
2860,10.0
2861,10.0
2862,9.0
2863,10.0
2864,1.0
2865,10.0
2866,10.0
2867,8.0
2868,10.0
2869,10.0
2870,9.0
2871,10.0
2872,10.0
2873,10.0
2874,10.0
2875,10.0
2876,10.0
2877,10.0
2878,10.0
2879,10.0
2880,10.0
2881,10.0
2882,10.0
2883,10.0
2884,10.0
2885,10.0
2886,10.0
2887,10.0
2888,10.0
2889,10.0
2890,10.0
2891,10.0
2892,10.0
2893,10.0
2894,10.0
2895,8.0
2896,10.0
2897,10.0
2898,10.0
2899,10.0
2900,10.0
2901,9.0
2902,10.0
2903,10.0
2904,8.0
2905,5.0
2906,10.0
2907,10.0
2908,10.0
2909,10.0
2910,10.0
2911,10.0
2912,1.0
2913,10.0
2914,10.0
2915,10.0
2916,10.0
2917,4.0
2918,0.12
2919,10.0
2920,1.0
2921,10.0
2922,10.0
2923,8.0
2924,10.0
2925,10.0
2926,10.0
2927,10.0
2928,10.0
2929,10.0
2930,10.0
2931,10.0
2932,10.0
2933,10.0
2934,10.0
2935,10.0
2936,3.0
2937,7.0
2938,10.0
2939,10.0
2940,3.0
2941,10.0
2942,10.0
2943,10.0
2944,10.0
2945,2.0
2946,10.0
2947,10.0
2948,10.0
2949,9.0
2950,10.0
2951,10.0
2952,10.0
2953,10.0
2954,10.0
2955,10.0
2956,10.0
2957,7.0
2958,10.0
2959,10.0
2960,10.0
2961,10.0
2962,3.0
2963,10.0
2964,10.0
2965,7.0
2966,9.0
2967,10.0
2968,8.0
2969,10.0
2970,1.0
2971,10.0
2972,10.0
2973,10.0
2974,10.0
2975,10.0
2976,10.0
2977,1.0
2978,10.0
2979,10.0
2980,10.0
2981,10.0
2982,10.0
2983,10.0
2984,10.0
2985,10.0
2986,10.0
2987,7.0
2988,10.0
2989,10.0
2990,10.0
2991,10.0
2992,10.0
2993,8.0
2994,10.0
2995,1.25
2996,10.0
2997,9.0
2998,10.0
2999,10.0
3000,3.0
3001,6.0
3002,10.0
3003,10.0
3004,1.0
3005,10.0
3006,10.0
3007,5.0
3008,10.0
3009,10.0
3010,9.0
3011,10.0
3012,10.0
3013,1.0
3014,10.0
3015,8.0
3016,10.0
3017,10.0
3018,5.0
3019,3.0
3020,10.0
3021,10.0
3022,10.0
3023,10.0
3024,10.0
3025,1.0
3026,6.0
3027,10.0
3028,3.0
3029,10.0
3030,10.0
3031,8.0
3032,10.0
3033,10.0
3034,10.0
3035,3.0
3036,10.0
3037,6.0
3038,10.0
3039,10.0
3040,3.0
3041,10.0
3042,8.0
3043,9.0
3044,10.0
3045,10.0
3046,10.0
3047,2.0
3048,10.0
3049,10.0
3050,10.0
3051,10.0
3052,10.0
3053,10.0
3054,10.0
3055,10.0
3056,10.0
3057,10.0
3058,10.0
3059,8.0
3060,10.0
3061,10.0
3062,10.0
3063,10.0
3064,3.0
3065,10.0
3066,8.0
3067,10.0
3068,10.0
3069,7.0
3070,10.0
3071,10.0
3072,10.0
3073,10.0
3074,10.0
3075,10.0
3076,0.25
3077,3.0
3078,8.0
3079,10.0
3080,10.0
3081,10.0
3082,10.0
3083,10.0
3084,10.0
3085,10.0
3086,0.12
3087,10.0
3088,10.0
3089,8.0
3090,10.0
3091,10.0
3092,10.0
3093,10.0
3094,10.0
3095,10.0
3096,6.0
3097,10.0
3098,10.0
3099,10.0
3100,10.0
3101,10.0
3102,10.0
3103,10.0
3104,9.0
3105,10.0
3106,9.0
3107,10.0
3108,9.0
3109,10.0
3110,10.0
3111,10.0
3112,10.0
3113,1.0
3114,10.0
3115,10.0
3116,10.0
3117,7.0
3118,1.0
3119,9.0
3120,9.0
3121,5.0
3122,10.0
3123,10.0
3124,10.0
3125,10.0
3126,1.75
3127,2.0
3128,10.0
3129,2.0
3130,10.0
3131,10.0
3132,10.0
3133,10.0
3134,6.0
3135,8.0
3136,10.0
3137,10.0
3138,0.12
3139,9.0
3140,10.0
3141,10.0
3142,10.0
3143,10.0
3144,10.0
3145,10.0
3146,10.0
3147,10.0
3148,2.0
3149,10.0
3150,10.0
3151,1.25
3152,10.0
3153,10.0
3154,10.0
3155,10.0
3156,10.0
3157,10.0
3158,10.0
3159,10.0
3160,10.0
3161,2.0
3162,10.0
3163,9.0
3164,6.0
3165,10.0
3166,10.0
3167,10.0
3168,10.0
3169,10.0
3170,10.0
3171,10.0
3172,10.0
3173,10.0
3174,10.0
3175,10.0
3176,8.0
3177,3.0
3178,10.0
3179,10.0
3180,10.0
3181,8.0
3182,10.0
3183,10.0
3184,10.0
3185,10.0
3186,0.12
3187,10.0
3188,10.0
3189,10.0
3190,6.0
3191,0.12
3192,9.0
3193,1.0
3194,5.0
3195,10.0
3196,10.0
3197,10.0
3198,10.0
3199,10.0
3200,10.0
3201,10.0
3202,0.5
3203,0.5
3204,9.0
3205,9.0
3206,3.0
3207,10.0
3208,10.0
3209,10.0
3210,10.0
3211,6.0
3212,10.0
3213,10.0
3214,7.0
3215,10.0
3216,10.0
3217,10.0
3218,2.0
3219,9.0
3220,10.0
3221,10.0
3222,10.0
3223,10.0
3224,10.0
3225,10.0
3226,3.0
3227,3.0
3228,10.0
3229,10.0
3230,10.0
3231,10.0
3232,10.0
3233,10.0
3234,10.0
3235,10.0
3236,10.0
3237,3.0
3238,10.0
3239,10.0
3240,10.0
3241,10.0
3242,8.0
3243,10.0
3244,10.0
3245,10.0
3246,10.0
3247,0.12
3248,10.0
3249,10.0
3250,10.0
3251,10.0
3252,10.0
3253,10.0
3254,10.0
3255,10.0
3256,9.0
3257,10.0
3258,10.0
3259,10.0
3260,1.0
3261,10.0
3262,10.0
3263,1.75
3264,10.0
3265,3.0
3266,10.0
3267,0.25
3268,10.0
3269,10.0
3270,10.0
3271,10.0
3272,10.0
3273,5.0
3274,10.0
3275,10.0
3276,10.0
3277,10.0
3278,10.0
3279,10.0
3280,10.0
3281,10.0
3282,1.0
3283,10.0
3284,10.0
3285,10.0
3286,10.0
3287,10.0
3288,10.0
3289,8.0
3290,10.0
3291,3.0
3292,10.0
3293,10.0
3294,1.0
3295,10.0
3296,10.0
3297,10.0
3298,2.0
3299,1.0
3300,7.0
3301,9.0
3302,9.0
3303,10.0
3304,0.12
3305,10.0
3306,10.0
3307,10.0
3308,10.0
3309,9.0
3310,9.0
3311,9.0
3312,10.0
3313,10.0
3314,10.0
3315,10.0
3316,5.0
3317,9.0
3318,10.0
3319,1.0
3320,10.0
3321,10.0
3322,2.5
3323,9.0
3324,3.0
3325,10.0
3326,10.0
3327,10.0
3328,10.0
3329,10.0
3330,7.0
3331,10.0
3332,10.0
3333,3.0
3334,10.0
3335,10.0
3336,10.0
3337,10.0
3338,10.0
3339,10.0
3340,10.0
3341,10.0
3342,10.0
3343,10.0
3344,10.0
3345,0.12
3346,1.0
3347,10.0
3348,6.0
3349,10.0
3350,10.0
3351,10.0
3352,7.0
3353,10.0
3354,10.0
3355,10.0
3356,10.0
3357,0.5
3358,10.0
3359,10.0
3360,10.0
3361,10.0
3362,10.0
3363,9.0
3364,10.0
3365,10.0
3366,10.0
3367,10.0
3368,9.0
3369,10.0
3370,10.0
3371,10.0
3372,10.0
3373,10.0
3374,10.0
3375,10.0
3376,9.0
3377,10.0
3378,10.0
3379,10.0
3380,10.0
3381,3.0
3382,3.0
3383,10.0
3384,10.0
3385,10.0
3386,10.0
3387,10.0
3388,10.0
3389,10.0
3390,10.0
3391,10.0
3392,9.0
3393,2.0
3394,10.0
3395,10.0
3396,0.12
3397,10.0
3398,10.0
3399,10.0
3400,10.0
3401,10.0
3402,10.0
3403,9.0
3404,8.0
3405,10.0
3406,10.0
3407,10.0
3408,10.0
3409,10.0
3410,10.0
3411,10.0
3412,10.0
3413,10.0
3414,0.5
3415,10.0
3416,8.0
3417,10.0
3418,10.0
3419,10.0
3420,10.0
3421,10.0
3422,10.0
3423,10.0
3424,8.0
3425,10.0
3426,10.0
3427,10.0
3428,10.0
3429,10.0
3430,10.0
3431,2.0
3432,6.0
3433,10.0
3434,10.0
3435,3.0
3436,10.0
3437,10.0
3438,10.0
3439,9.0
3440,10.0
3441,10.0
3442,10.0
3443,7.0
3444,10.0
3445,10.0
3446,10.0
3447,10.0
3448,8.0
3449,0.12
3450,10.0
3451,10.0
3452,10.0
3453,10.0
3454,10.0
3455,10.0
3456,0.12
3457,10.0
3458,10.0
3459,9.0
3460,10.0
3461,10.0
3462,10.0
3463,10.0
3464,10.0
3465,1.75
3466,9.0
3467,10.0
3468,10.0
3469,10.0
3470,10.0
3471,3.0
3472,10.0
3473,10.0
3474,9.0
3475,1.0
3476,1.0
3477,10.0
3478,10.0
3479,10.0
3480,10.0
3481,9.0
3482,10.0
3483,10.0
3484,10.0
3485,10.0
3486,10.0
3487,10.0
3488,10.0
3489,3.0
3490,10.0
3491,10.0
3492,10.0
3493,2.0
3494,9.0
3495,10.0
3496,8.0
3497,9.0
3498,3.0
3499,6.0
3500,2.0
3501,10.0
3502,10.0
3503,10.0
3504,10.0
3505,10.0
3506,1.75
3507,10.0
3508,9.0
3509,10.0
3510,6.0
3511,10.0
3512,10.0
3513,1.75
3514,10.0
3515,6.0
3516,9.0
3517,10.0
3518,3.0
3519,10.0
3520,0.12
3521,10.0
3522,10.0
3523,7.0
3524,5.0
3525,5.0
3526,3.0
3527,10.0
3528,10.0
3529,10.0
3530,10.0
3531,10.0
3532,10.0
3533,10.0
3534,0.12
3535,10.0
3536,10.0
3537,10.0
3538,0.12
3539,10.0
3540,10.0
3541,9.0
3542,8.0
3543,10.0
3544,10.0
3545,10.0
3546,10.0
3547,10.0
3548,10.0
3549,10.0
3550,10.0
3551,10.0
3552,10.0
3553,2.0
3554,8.0
3555,10.0
3556,9.0
3557,10.0
3558,10.0
3559,5.0
3560,10.0
3561,1.0
3562,8.0
3563,5.0
3564,10.0
3565,10.0
3566,10.0
3567,0.12
3568,10.0
3569,9.0
3570,10.0
3571,5.0
3572,1.0
3573,10.0
3574,10.0
3575,7.0
3576,6.0
3577,10.0
3578,10.0
3579,10.0
3580,10.0
3581,3.0
3582,10.0
3583,10.0
3584,7.0
3585,10.0
3586,10.0
3587,10.0
3588,10.0
3589,6.0
3590,10.0
3591,1.75
3592,8.0
3593,9.0
3594,10.0
3595,7.0
3596,10.0
3597,10.0
3598,0.5
3599,10.0
3600,10.0
3601,10.0
3602,10.0
3603,10.0
3604,10.0
3605,0.12
3606,10.0
3607,10.0
3608,10.0
3609,10.0
3610,10.0
3611,10.0
3612,10.0
3613,10.0
3614,10.0
3615,9.0
3616,10.0
3617,6.0
3618,10.0
3619,10.0
3620,10.0
3621,10.0
3622,10.0
3623,10.0
3624,10.0
3625,10.0
3626,10.0
3627,6.0
3628,10.0
3629,10.0
3630,7.0
3631,10.0
3632,1.0
3633,10.0
3634,10.0
3635,10.0
3636,10.0
3637,10.0
3638,10.0
3639,10.0
3640,10.0
3641,10.0
3642,10.0
3643,10.0
3644,10.0
3645,10.0
3646,10.0
3647,0.12
3648,10.0
3649,10.0
3650,0.12
3651,1.25
3652,10.0
3653,8.0
3654,10.0
3655,10.0
3656,8.0
3657,10.0
3658,10.0
3659,10.0
3660,0.5
3661,10.0
3662,10.0
3663,10.0
3664,10.0
3665,10.0
3666,0.12
3667,0.12
3668,10.0
3669,10.0
3670,10.0
3671,10.0
3672,10.0
3673,10.0
3674,9.0
3675,10.0
3676,1.0
3677,9.0
3678,9.0
3679,10.0
3680,0.12
3681,10.0
3682,1.0
3683,8.0
3684,7.0
3685,10.0
3686,10.0
3687,1.0
3688,2.0
3689,9.0
3690,10.0
3691,10.0
3692,10.0
3693,10.0
3694,6.0
3695,10.0
3696,7.0
3697,0.12
3698,10.0
3699,8.0
3700,3.0
3701,10.0
3702,10.0
3703,4.0
3704,10.0
3705,10.0
3706,10.0
3707,2.5
3708,8.0
3709,10.0
3710,10.0
3711,10.0
3712,0.12
3713,10.0
3714,6.0
3715,10.0
3716,10.0
3717,1.0
3718,9.0
3719,10.0
3720,10.0
3721,8.0
3722,10.0
3723,3.0
3724,10.0
3725,10.0
3726,10.0
3727,10.0
3728,10.0
3729,10.0
3730,0.12
3731,10.0
3732,10.0
3733,10.0
3734,3.0
3735,10.0
3736,0.12
3737,7.0
3738,1.75
3739,10.0
3740,10.0
3741,0.5
3742,1.0
3743,10.0
3744,10.0
3745,10.0
3746,10.0
3747,10.0
3748,10.0
3749,0.12
3750,10.0
3751,10.0
3752,10.0
3753,10.0
3754,10.0
3755,10.0
3756,10.0
3757,10.0
3758,7.0
3759,10.0
3760,9.0
3761,1.0
3762,10.0
3763,10.0
3764,10.0
3765,10.0
3766,10.0
3767,10.0
3768,10.0
3769,10.0
3770,8.0
3771,10.0
3772,10.0
3773,10.0
3774,10.0
3775,10.0
3776,1.25
3777,2.0
3778,2.0
3779,10.0
3780,10.0
3781,10.0
3782,10.0
3783,10.0
3784,10.0
3785,10.0
3786,10.0
3787,6.0
3788,10.0
3789,10.0
3790,10.0
3791,8.0
3792,10.0
3793,3.0
3794,10.0
3795,1.0
3796,10.0
3797,10.0
3798,1.0
3799,8.0
3800,10.0
3801,3.0
3802,10.0
3803,10.0
3804,7.0
3805,10.0
3806,10.0
3807,9.0
3808,8.0
3809,10.0
3810,10.0
3811,10.0
3812,10.0
3813,10.0
3814,10.0
3815,9.0
3816,6.0
3817,10.0
3818,10.0
3819,6.0
3820,10.0
3821,10.0
3822,0.12
3823,10.0
3824,10.0
3825,10.0
3826,9.0
3827,10.0
3828,1.0
3829,1.0
3830,10.0
3831,10.0
3832,10.0
3833,10.0
3834,10.0
3835,3.0
3836,10.0
3837,10.0
3838,1.75
3839,10.0
3840,10.0
3841,10.0
3842,10.0
3843,10.0
3844,1.0
3845,10.0
3846,10.0
3847,10.0
3848,10.0
3849,10.0
3850,10.0
3851,10.0
3852,10.0
3853,10.0
3854,10.0
3855,10.0
3856,10.0
3857,10.0
3858,10.0
3859,3.0
3860,10.0
3861,10.0
3862,10.0
3863,10.0
3864,10.0
3865,10.0
3866,10.0
3867,3.0
3868,10.0
3869,10.0
3870,10.0
3871,10.0
3872,10.0
3873,10.0
3874,10.0
3875,5.0
3876,10.0
3877,10.0
3878,10.0
3879,10.0
3880,5.0
3881,7.0
3882,2.5
3883,10.0
3884,7.0
3885,10.0
3886,10.0
3887,10.0
3888,10.0
3889,9.0
3890,10.0
3891,10.0
3892,10.0
3893,8.0
3894,10.0
3895,10.0
3896,10.0
3897,9.0
3898,10.0
3899,10.0
3900,0.5
3901,9.0
3902,10.0
3903,10.0
3904,10.0
3905,10.0
3906,10.0
3907,10.0
3908,10.0
3909,10.0
3910,10.0
3911,7.0
3912,10.0
3913,10.0
3914,10.0
3915,10.0
3916,10.0
3917,7.0
3918,10.0
3919,10.0
3920,10.0
3921,10.0
3922,3.0
3923,10.0
3924,9.0
3925,1.0
3926,1.0
3927,2.0
3928,10.0
3929,0.12
3930,10.0
3931,10.0
3932,10.0
3933,10.0
3934,10.0
3935,10.0
3936,10.0
3937,8.0
3938,10.0
3939,3.0
3940,10.0
3941,10.0
3942,6.0
3943,10.0
3944,6.0
3945,10.0
3946,8.0
3947,10.0
3948,10.0
3949,10.0
3950,10.0
3951,10.0
3952,6.0
3953,10.0
3954,10.0
3955,10.0
3956,0.12
3957,10.0
3958,0.5
3959,10.0
3960,10.0
3961,10.0
3962,10.0
3963,10.0
3964,10.0
3965,1.75
3966,10.0
3967,10.0
3968,3.0
3969,10.0
3970,9.0
3971,4.0
3972,3.0
3973,10.0
3974,10.0
3975,10.0
3976,10.0
3977,10.0
3978,8.0
3979,10.0
3980,10.0
3981,1.0
3982,10.0
3983,10.0
3984,10.0
3985,10.0
3986,9.0
3987,3.0
3988,10.0
3989,10.0
3990,10.0
3991,10.0
3992,0.12
3993,10.0
3994,10.0
3995,10.0
3996,10.0
3997,8.0
3998,0.12
3999,10.0
4000,10.0
4001,10.0
4002,10.0
4003,10.0
4004,10.0
4005,10.0
4006,10.0
4007,10.0
4008,10.0
4009,10.0
4010,10.0
4011,10.0
4012,10.0
4013,9.0
4014,10.0
4015,10.0
4016,10.0
4017,10.0
4018,10.0
4019,10.0
4020,0.12
4021,10.0
4022,10.0
4023,10.0
4024,10.0
4025,10.0
4026,10.0
4027,3.0
4028,7.0
4029,6.0
4030,1.0
4031,10.0
4032,1.0
4033,3.0
4034,3.0
4035,10.0
4036,10.0
4037,10.0
4038,10.0
4039,10.0
4040,10.0
4041,10.0
4042,1.0
4043,10.0
4044,10.0
4045,10.0
4046,10.0
4047,10.0
4048,10.0
4049,10.0
4050,10.0
4051,10.0
4052,10.0
4053,8.0
4054,0.12
4055,9.0
4056,10.0
4057,6.0
4058,1.0
4059,10.0
4060,10.0
4061,10.0
4062,10.0
4063,3.0
4064,10.0
4065,10.0
4066,10.0
4067,10.0
4068,10.0
4069,3.0
4070,10.0
4071,10.0
4072,10.0
4073,10.0
4074,10.0
4075,3.0
4076,10.0
4077,10.0
4078,4.0
4079,10.0
4080,10.0
4081,9.0
4082,10.0
4083,10.0
4084,10.0
4085,3.0
4086,10.0
4087,10.0
4088,0.12
4089,10.0
4090,10.0
4091,10.0
4092,7.0
4093,10.0
4094,10.0
4095,10.0
4096,10.0
4097,10.0
4098,8.0
4099,10.0
4100,9.0
4101,10.0
4102,8.0
4103,10.0
4104,10.0
4105,9.0
4106,10.0
4107,10.0
4108,10.0
4109,10.0
4110,1.0
4111,10.0
4112,10.0
4113,10.0
4114,3.0
4115,10.0
4116,1.0
4117,10.0
4118,8.0
4119,8.0
4120,10.0
4121,10.0
4122,3.0
4123,10.0
4124,9.0
4125,0.12
4126,10.0
4127,10.0
4128,3.0
4129,10.0
4130,9.0
4131,10.0
4132,9.0
4133,10.0
4134,10.0
4135,10.0
4136,10.0
4137,10.0
4138,10.0
4139,10.0
4140,10.0
4141,10.0
4142,10.0
4143,6.0
4144,10.0
4145,10.0
4146,7.0
4147,10.0
4148,3.0
4149,10.0
4150,10.0
4151,10.0
4152,7.0
4153,7.0
4154,0.5
4155,9.0
4156,10.0
4157,1.0
4158,10.0
4159,0.12
4160,10.0
4161,10.0
4162,10.0
4163,10.0
4164,7.0
4165,10.0
4166,1.0
4167,9.0
4168,10.0
4169,10.0
4170,3.0
4171,8.0
4172,10.0
4173,10.0
4174,8.0
4175,10.0
4176,10.0
4177,0.12
4178,10.0
4179,10.0
4180,10.0
4181,10.0
4182,10.0
4183,6.0
4184,10.0
4185,10.0
4186,9.0
4187,10.0
4188,9.0
4189,10.0
4190,10.0
4191,10.0
4192,3.0
4193,10.0
4194,10.0
4195,10.0
4196,9.0
4197,7.0
4198,10.0
4199,10.0
4200,10.0
4201,8.0
4202,10.0
4203,8.0
4204,7.0
4205,10.0
4206,10.0
4207,3.0
4208,10.0
4209,7.0
4210,5.0
4211,10.0
4212,3.0
4213,10.0
4214,10.0
4215,10.0
4216,10.0
4217,10.0
4218,0.12
4219,10.0
4220,10.0
4221,10.0
4222,10.0
4223,10.0
4224,1.0
4225,8.0
4226,10.0
4227,10.0
4228,10.0
4229,10.0
4230,10.0
4231,10.0
4232,9.0
4233,1.0
4234,10.0
4235,10.0
4236,3.0
4237,2.0
4238,7.0
4239,10.0
4240,10.0
4241,7.0
4242,1.0
4243,7.0
4244,10.0
4245,10.0
4246,9.0
4247,10.0
4248,10.0
4249,10.0
4250,10.0
4251,8.0
4252,10.0
4253,10.0
4254,10.0
4255,10.0
4256,10.0
4257,1.0
4258,10.0
4259,10.0
4260,10.0
4261,10.0
4262,10.0
4263,10.0
4264,6.0
4265,10.0
4266,10.0
4267,10.0
4268,6.0
4269,10.0
4270,10.0
4271,10.0
4272,9.0
4273,10.0
4274,0.12
4275,3.0
4276,10.0
4277,7.0
4278,10.0
4279,7.0
4280,8.0
4281,8.0
4282,10.0
4283,10.0
4284,10.0
4285,10.0
4286,0.5
4287,10.0
4288,10.0
4289,3.0
4290,2.5
4291,1.0
4292,10.0
4293,9.0
4294,10.0
4295,0.12
4296,10.0
4297,10.0
4298,10.0
4299,10.0
4300,10.0
4301,9.0
4302,3.0
4303,10.0
4304,3.0
4305,9.0
4306,10.0
4307,10.0
4308,10.0
4309,10.0
4310,9.0
4311,9.0
4312,10.0
4313,10.0
4314,10.0
4315,10.0
4316,7.0
4317,9.0
4318,4.0
4319,10.0
4320,10.0
4321,10.0
4322,10.0
4323,1.0
4324,9.0
4325,10.0
4326,10.0
4327,10.0
4328,10.0
4329,10.0
4330,9.0
4331,10.0
4332,8.0
4333,10.0
4334,10.0
4335,10.0
4336,10.0
4337,10.0
4338,10.0
4339,10.0
4340,10.0
4341,10.0
4342,10.0
4343,10.0
4344,10.0
4345,2.0
4346,10.0
4347,10.0
4348,10.0
4349,8.0
4350,8.0
4351,3.0
4352,10.0
4353,10.0
4354,10.0
4355,10.0
4356,10.0
4357,10.0
4358,10.0
4359,10.0
4360,9.0
4361,10.0
4362,10.0
4363,10.0
4364,10.0
4365,10.0
4366,10.0
4367,10.0
4368,9.0
4369,10.0
4370,0.5
4371,3.0
4372,10.0
4373,10.0
4374,3.0
4375,10.0
4376,10.0
4377,10.0
4378,10.0
4379,10.0
4380,8.0
4381,10.0
4382,0.12
4383,10.0
4384,10.0
4385,10.0
4386,6.0
4387,9.0
4388,10.0
4389,10.0
4390,1.0
4391,10.0
4392,10.0
4393,10.0
4394,3.0
4395,7.0
4396,1.0
4397,10.0
4398,3.0
4399,10.0
4400,10.0
4401,3.0
4402,10.0
4403,10.0
4404,10.0
4405,0.5
4406,10.0
4407,8.0
4408,9.0
4409,10.0
4410,10.0
4411,10.0
4412,10.0
4413,10.0
4414,10.0
4415,10.0
4416,6.0
4417,10.0
4418,10.0
4419,10.0
4420,10.0
4421,10.0
4422,10.0
4423,10.0
4424,3.0
4425,9.0
4426,10.0
4427,10.0
4428,10.0
4429,10.0
4430,3.0
4431,10.0
4432,1.0
4433,0.12
4434,3.0
4435,10.0
4436,10.0
4437,10.0
4438,10.0
4439,10.0
4440,7.0
4441,3.0
4442,10.0
4443,9.0
4444,10.0
4445,10.0
4446,10.0
4447,10.0
4448,10.0
4449,10.0
4450,10.0
4451,7.0
4452,10.0
4453,10.0
4454,9.0
4455,0.5
4456,10.0
4457,10.0
4458,10.0
4459,10.0
4460,10.0
4461,10.0
4462,8.0
4463,6.0
4464,7.0
4465,10.0
4466,10.0
4467,3.0
4468,10.0
4469,2.0
4470,10.0
4471,10.0
4472,8.0
4473,10.0
4474,10.0
4475,3.0
4476,10.0
4477,10.0
4478,9.0
4479,10.0
4480,10.0
4481,9.0
4482,10.0
4483,10.0
4484,10.0
4485,6.0
4486,10.0
4487,10.0
4488,9.0
4489,0.5
4490,8.0
4491,10.0
4492,10.0
4493,10.0
4494,10.0
4495,10.0
4496,10.0
4497,8.0
4498,10.0
4499,6.0
4500,10.0
4501,10.0
4502,10.0
4503,10.0
4504,10.0
4505,10.0
4506,10.0
4507,6.0
4508,10.0
4509,0.5
4510,6.0
4511,9.0
4512,10.0
4513,10.0
4514,3.0
4515,10.0
4516,10.0
4517,10.0
4518,10.0
4519,10.0
4520,10.0
4521,10.0
4522,10.0
4523,8.0
4524,10.0
4525,10.0
4526,6.0
4527,2.0
4528,2.0
4529,7.0
4530,10.0
4531,10.0
4532,10.0
4533,10.0
4534,0.12
4535,10.0
4536,9.0
4537,0.12
4538,10.0
4539,10.0
4540,10.0
4541,10.0
4542,6.0
4543,10.0
4544,0.12
4545,10.0
4546,7.0
4547,10.0
4548,3.0
4549,10.0
4550,10.0
4551,10.0
4552,10.0
4553,10.0
4554,10.0
4555,10.0
4556,10.0
4557,10.0
4558,8.0
4559,0.12
4560,0.12
4561,10.0
4562,10.0
4563,10.0
4564,10.0
4565,10.0
4566,10.0
4567,10.0
4568,4.0
4569,10.0
4570,8.0
4571,10.0
4572,10.0
4573,10.0
4574,7.0
4575,10.0
4576,10.0
4577,10.0
4578,10.0
4579,10.0
4580,10.0
4581,3.0
4582,10.0
4583,3.0
4584,10.0
4585,10.0
4586,10.0
4587,0.12
4588,9.0
4589,3.0
4590,10.0
4591,8.0
4592,10.0
4593,10.0
4594,10.0
4595,9.0
4596,10.0
4597,3.0
4598,10.0
4599,10.0
4600,10.0
4601,3.0
4602,9.0
4603,9.0
4604,10.0
4605,10.0
4606,10.0
4607,10.0
4608,10.0
4609,1.25
4610,10.0
4611,3.0
4612,9.0
4613,10.0
4614,10.0
4615,10.0
4616,3.0
4617,10.0
4618,10.0
4619,10.0
4620,10.0
4621,10.0
4622,0.12
4623,2.0
4624,9.0
4625,2.0
4626,10.0
4627,10.0
4628,3.0
4629,10.0
4630,3.0
4631,3.0
4632,10.0
4633,10.0
4634,1.0
4635,10.0
4636,3.0
4637,10.0
4638,10.0
4639,10.0
4640,10.0
4641,0.5
4642,10.0
4643,7.0
4644,10.0
4645,10.0
4646,2.0
4647,10.0
4648,10.0
4649,10.0
4650,8.0
4651,10.0
4652,10.0
4653,10.0
4654,10.0
4655,8.0
4656,10.0
4657,10.0
4658,7.0
4659,10.0
4660,0.12
4661,10.0
4662,8.0
4663,10.0
4664,10.0
4665,7.0
4666,10.0
4667,8.0
4668,9.0
4669,3.0
4670,10.0
4671,10.0
4672,10.0
4673,8.0
4674,10.0
4675,10.0
4676,9.0
4677,10.0
4678,6.0
4679,1.0
4680,1.0
4681,10.0
4682,10.0
4683,10.0
4684,10.0
4685,10.0
4686,7.0
4687,10.0
4688,10.0
4689,10.0
4690,3.0
4691,10.0
4692,10.0
4693,10.0
4694,10.0
4695,10.0
4696,10.0
4697,10.0
4698,10.0
4699,10.0
4700,0.5
4701,10.0
4702,1.25
4703,10.0
4704,10.0
4705,10.0
4706,10.0
4707,3.0
4708,10.0
4709,9.0
4710,7.0
4711,0.12
4712,10.0
4713,10.0
4714,10.0
4715,3.0
4716,3.0
4717,7.0
4718,3.0
4719,10.0
4720,3.0
4721,10.0
4722,8.0
4723,10.0
4724,10.0
4725,10.0
4726,10.0
4727,8.0
4728,10.0
4729,10.0
4730,0.5
4731,10.0
4732,10.0
4733,10.0
4734,10.0
4735,10.0
4736,10.0
4737,10.0
4738,10.0
4739,10.0
4740,10.0
4741,10.0
4742,1.0
4743,10.0
4744,10.0
4745,10.0
4746,9.0
4747,10.0
4748,2.0
4749,3.0
4750,1.25
4751,3.0
4752,10.0
4753,10.0
4754,10.0
4755,9.0
4756,10.0
4757,10.0
4758,10.0
4759,10.0
4760,8.0
4761,10.0
4762,10.0
4763,10.0
4764,10.0
4765,10.0
4766,10.0
4767,6.0
4768,10.0
4769,3.0
4770,10.0
4771,10.0
4772,9.0
4773,1.0
4774,10.0
4775,10.0
4776,9.0
4777,10.0
4778,10.0
4779,10.0
4780,8.0
4781,10.0
4782,10.0
4783,10.0
4784,3.0
4785,10.0
4786,10.0
4787,9.0
4788,10.0
4789,6.0
4790,10.0
4791,10.0
4792,10.0
4793,10.0
4794,10.0
4795,9.0
4796,10.0
4797,10.0
4798,10.0
4799,8.0
4800,10.0
4801,9.0
4802,10.0
4803,9.0
4804,10.0
4805,0.12
4806,8.0
4807,10.0
4808,10.0
4809,10.0
4810,0.5
4811,10.0
4812,10.0
4813,10.0
4814,10.0
4815,5.0
4816,4.0
4817,0.12
4818,8.0
4819,9.0
4820,9.0
4821,10.0
4822,5.0
4823,10.0
4824,0.12
4825,10.0
4826,10.0
4827,10.0
4828,10.0
4829,10.0
4830,10.0
4831,0.12
4832,10.0
4833,7.0
4834,10.0
4835,10.0
4836,10.0
4837,10.0
4838,10.0
4839,10.0
4840,10.0
4841,8.0
4842,10.0
4843,8.0
4844,10.0
4845,10.0
4846,10.0
4847,10.0
4848,10.0
4849,10.0
4850,10.0
4851,10.0
4852,10.0
4853,0.12
4854,10.0
4855,10.0
4856,10.0
4857,10.0
4858,10.0
4859,10.0
4860,10.0
4861,8.0
4862,0.12
4863,10.0
4864,10.0
4865,7.0
4866,10.0
4867,10.0
4868,10.0
4869,10.0
4870,6.0
4871,10.0
4872,10.0
4873,10.0
4874,10.0
4875,10.0
4876,0.25
4877,10.0
4878,10.0
4879,10.0
4880,10.0
4881,10.0
4882,0.25
4883,10.0
4884,10.0
4885,10.0
4886,0.25
4887,10.0
4888,10.0
4889,10.0
4890,10.0
4891,10.0
4892,3.0
4893,10.0
4894,10.0
4895,10.0
4896,10.0
4897,10.0
4898,10.0
4899,9.0
4900,10.0
4901,3.0
4902,10.0
4903,10.0
4904,10.0
4905,6.0
4906,10.0
4907,10.0
4908,10.0
4909,10.0
4910,0.12
4911,10.0
4912,10.0
4913,10.0
4914,8.0
4915,10.0
4916,8.0
4917,0.12
4918,3.0
4919,10.0
4920,10.0
4921,10.0
4922,10.0
4923,10.0
4924,5.0
4925,10.0
4926,10.0
4927,10.0
4928,10.0
4929,2.0
4930,10.0
4931,10.0
4932,10.0
4933,10.0
4934,10.0
4935,10.0
4936,0.0
4937,10.0
4938,10.0
4939,10.0
4940,10.0
4941,10.0
4942,10.0
4943,10.0
4944,2.5
4945,0.12
4946,10.0
4947,10.0
4948,9.0
4949,10.0
4950,10.0
4951,10.0
4952,10.0
4953,10.0
4954,10.0
4955,10.0
4956,10.0
4957,10.0
4958,10.0
4959,10.0
4960,10.0
4961,10.0
4962,10.0
4963,0.25
4964,10.0
4965,10.0
4966,10.0
4967,10.0
4968,10.0
4969,3.0
4970,10.0
4971,10.0
4972,10.0
4973,10.0
4974,10.0
4975,10.0
4976,10.0
4977,10.0
4978,10.0
4979,10.0
4980,0.25
4981,10.0
4982,10.0
4983,10.0
4984,7.0
4985,0.12
4986,6.0
4987,7.0
4988,10.0
4989,10.0
4990,0.12
4991,0.0
4992,10.0
4993,0.5
4994,10.0
4995,7.0
4996,10.0
4997,6.0
4998,10.0
4999,6.0
5000,10.0
5001,10.0
5002,10.0
5003,10.0
5004,10.0
5005,0.25
5006,0.25
5007,10.0
5008,10.0
5009,10.0
5010,0.25
5011,10.0
5012,10.0
5013,10.0
5014,6.0
5015,10.0
5016,10.0
5017,10.0
5018,10.0
5019,10.0
5020,0.75
5021,0.435
5022,10.0
5023,0.0
5024,10.0
5025,10.0
5026,10.0
5027,10.0
5028,7.0
5029,7.0
5030,6.0
5031,10.0
5032,10.0
5033,10.0
5034,9.0
5035,10.0
5036,0.0
5037,9.0
5038,10.0
5039,10.0
5040,10.0
5041,10.0
5042,0.75
5043,2.0
5044,10.0
5045,10.0
5046,8.0
5047,10.0
5048,10.0
5049,10.0
5050,3.0
5051,10.0
5052,10.0
5053,9.0
5054,0.25
5055,0.25
5056,10.0
5057,10.0
5058,10.0
5059,9.0
5060,2.0
5061,2.0
5062,10.0
5063,10.0
5064,10.0
5065,10.0
5066,10.0
5067,2.0
5068,10.0
5069,10.0
5070,10.0
5071,3.0
5072,9.0
5073,10.0
5074,7.0
5075,10.0
5076,7.0
5077,10.0
5078,0.12
5079,10.0
5080,3.0
5081,10.0
5082,10.0
5083,10.0
5084,10.0
5085,10.0
5086,10.0
5087,8.0
5088,10.0
5089,10.0
5090,10.0
5091,6.0
5092,10.0
5093,10.0
5094,10.0
5095,10.0
5096,10.0
5097,10.0
5098,10.0
5099,6.0
5100,10.0
5101,7.0
5102,3.0
5103,5.0
5104,10.0
5105,10.0
5106,10.0
5107,10.0
5108,10.0
5109,10.0
5110,4.0
5111,10.0
5112,10.0
5113,10.0
5114,0.5
5115,9.0
5116,10.0
5117,10.0
5118,1.5
5119,1.5
5120,10.0
5121,0.25
5122,10.0
5123,10.0
5124,10.0
5125,10.0
5126,10.0
5127,9.0
5128,10.0
5129,6.0
5130,10.0
5131,10.0
5132,10.0
5133,0.12
5134,10.0
5135,10.0
5136,2.5
5137,10.0
5138,10.0
5139,10.0
5140,10.0
5141,10.0
5142,9.0
5143,10.0
5144,9.0
5145,10.0
5146,10.0
5147,10.0
5148,10.0
5149,10.0
5150,10.0
5151,10.0
5152,5.0
5153,7.0
5154,10.0
5155,10.0
5156,10.0
5157,10.0
5158,10.0
5159,1.0
5160,7.0
5161,1.0
5162,10.0
5163,10.0
5164,8.0
5165,2.0
5166,10.0
5167,10.0
5168,10.0
5169,10.0
5170,10.0
5171,10.0
5172,6.0
5173,10.0
5174,8.0
5175,10.0
5176,10.0
5177,9.0
5178,0.75
5179,10.0
5180,10.0
5181,10.0
5182,0.25
5183,10.0
5184,10.0
5185,10.0
5186,10.0
5187,10.0
5188,10.0
5189,10.0
5190,10.0
5191,10.0
5192,2.0
5193,8.0
5194,9.0
5195,3.0
5196,7.0
5197,10.0
5198,10.0
5199,10.0
5200,10.0
5201,10.0
5202,8.0
5203,10.0
5204,0.75
5205,10.0
5206,10.0
5207,10.0
5208,10.0
5209,10.0
5210,3.0
5211,10.0
5212,7.0
5213,1.0
5214,10.0
5215,10.0
5216,9.5
5217,10.0
5218,10.0
5219,10.0
5220,0.5
5221,10.0
5222,4.0
5223,0.25
5224,0.25
5225,10.0
5226,10.0
5227,10.0
5228,1.0
5229,9.5
5230,10.0
5231,10.0
5232,2.0
5233,1.0
5234,10.0
5235,10.0
5236,9.0
5237,7.0
5238,7.0
5239,10.0
5240,10.0
5241,10.0
5242,5.0
5243,9.0
5244,7.0
5245,0.5
5246,10.0
5247,10.0
5248,10.0
5249,10.0
5250,10.0
5251,10.0
5252,10.0
5253,10.0
5254,10.0
5255,10.0
5256,10.0
5257,10.0
5258,10.0
5259,7.0
5260,10.0
5261,0.5
5262,10.0
5263,9.0
5264,2.0
5265,10.0
5266,10.0
5267,3.0
5268,10.0
5269,10.0
5270,10.0
5271,3.0
5272,8.0
5273,8.0
5274,10.0
5275,10.0
5276,10.0
5277,10.0
5278,10.0
5279,10.0
5280,10.0
5281,10.0
5282,2.0
5283,10.0
5284,0.0
5285,10.0
5286,10.0
5287,10.0
5288,7.0
5289,9.0
5290,10.0
5291,6.0
5292,9.0
5293,10.0
5294,10.0
5295,0.75
5296,10.0
5297,4.5
5298,10.0
5299,10.0
5300,4.0
5301,10.0
5302,10.0
5303,9.0
5304,10.0
5305,10.0
5306,9.0
5307,10.0
5308,10.0
5309,10.0
5310,10.0
5311,10.0
5312,10.0
5313,10.0
5314,10.0
5315,10.0
5316,9.0
5317,10.0
5318,10.0
5319,10.0
5320,5.0
5321,10.0
5322,10.0
5323,10.0
5324,10.0
5325,10.0
5326,8.0
5327,7.0
5328,10.0
5329,10.0
5330,5.0
5331,10.0
5332,10.0
5333,9.0
5334,7.0
5335,0.5
5336,0.12
5337,10.0
5338,10.0
5339,10.0
5340,9.0
5341,4.0
5342,10.0
5343,4.0
5344,10.0
5345,10.0
5346,10.0
5347,10.0
5348,4.0
5349,10.0
5350,0.12
5351,10.0
5352,10.0
5353,10.0
5354,10.0
5355,10.0
5356,10.0
5357,10.0
5358,10.0
5359,10.0
5360,3.0
5361,10.0
5362,10.0
5363,10.0
5364,10.0
5365,3.0
5366,9.0
5367,3.0
5368,10.0
5369,5.0
5370,10.0
5371,10.0
5372,10.0
5373,0.25
5374,10.0
5375,10.0
5376,10.0
5377,10.0
5378,10.0
5379,2.0
5380,10.0
5381,10.0
5382,10.0
5383,7.0
5384,10.0
5385,10.0
5386,2.0
5387,10.0
5388,7.0
5389,10.0
5390,10.0
5391,10.0
5392,6.0
5393,10.0
5394,10.0
5395,7.0
5396,10.0
5397,10.0
5398,10.0
5399,10.0
5400,10.0
5401,10.0
5402,1.0
5403,10.0
5404,10.0
5405,10.0
5406,10.0
5407,10.0
5408,10.0
5409,10.0
5410,7.0
5411,10.0
5412,10.0
5413,10.0
5414,10.0
5415,10.0
5416,10.0
5417,10.0
5418,10.0
5419,10.0
5420,10.0
5421,10.0
5422,10.0
5423,10.0
5424,9.0
5425,10.0
5426,10.0
5427,1.0
5428,10.0
5429,10.0
5430,10.0
5431,10.0
5432,10.0
5433,10.0
5434,10.0
5435,10.0
5436,8.0
5437,10.0
5438,10.0
5439,10.0
5440,0.25
5441,10.0
5442,10.0
5443,10.0
5444,10.0
5445,10.0
5446,0.5
5447,10.0
5448,5.0
5449,7.0
5450,10.0
5451,10.0
5452,10.0
5453,10.0
5454,4.0
5455,10.0
5456,10.0
5457,10.0
5458,10.0
5459,10.0
5460,10.0
5461,10.0
5462,9.0
5463,10.0
5464,10.0
5465,10.0
5466,5.0
5467,10.0
5468,0.12
5469,10.0
5470,10.0
5471,10.0
5472,10.0
5473,8.0
5474,10.0
5475,8.0
5476,10.0
5477,9.0
5478,10.0
5479,0.25
5480,2.5
5481,7.0
5482,10.0
5483,10.0
5484,10.0
5485,10.0
5486,0.25
5487,10.0
5488,5.0
5489,10.0
5490,10.0
5491,10.0
5492,10.0
5493,10.0
5494,10.0
5495,10.0
5496,10.0
5497,10.0
5498,2.5
5499,0.0
5500,9.0
5501,8.0
5502,1.5
5503,7.0
5504,9.0
5505,5.0
5506,9.0
5507,10.0
5508,10.0
5509,10.0
5510,10.0
5511,9.0
5512,10.0
5513,10.0
5514,9.0
5515,2.5
5516,10.0
5517,10.0
5518,10.0
5519,0.25
5520,10.0
5521,10.0
5522,10.0
5523,10.0
5524,10.0
5525,3.0
5526,10.0
5527,1.0
5528,10.0
5529,10.0
5530,8.0
5531,8.0
5532,10.0
5533,10.0
5534,10.0
5535,3.0
5536,9.0
5537,10.0
5538,10.0
5539,10.0
5540,10.0
5541,7.0
5542,10.0
5543,10.0
5544,10.0
5545,10.0
5546,10.0
5547,4.0
5548,10.0
5549,10.0
5550,0.12
5551,3.0
5552,10.0
5553,10.0
5554,10.0
5555,10.0
5556,10.0
5557,10.0
5558,10.0
5559,10.0
5560,9.0
5561,10.0
5562,10.0
5563,10.0
5564,10.0
5565,10.0
5566,10.0
5567,10.0
5568,2.0
5569,10.0
5570,10.0
5571,10.0
5572,10.0
5573,10.0
5574,10.0
5575,10.0
5576,10.0
5577,10.0
5578,10.0
5579,5.0
5580,10.0
5581,10.0
5582,10.0
5583,10.0
5584,10.0
5585,10.0
5586,10.0
5587,10.0
5588,0.25
5589,10.0
5590,10.0
5591,10.0
5592,10.0
5593,10.0
5594,10.0
5595,2.0
5596,8.0
5597,0.25
5598,10.0
5599,10.0
5600,10.0
5601,10.0
5602,10.0
5603,10.0
5604,1.0
5605,10.0
5606,10.0
5607,3.0
5608,10.0
5609,10.0
5610,10.0
5611,10.0
5612,10.0
5613,10.0
5614,10.0
5615,10.0
5616,8.0
5617,10.0
5618,10.0
5619,10.0
5620,10.0
5621,10.0
5622,10.0
5623,10.0
5624,10.0
5625,9.0
5626,5.0
5627,0.0
5628,10.0
5629,10.0
5630,10.0
5631,10.0
5632,10.0
5633,10.0
5634,10.0
5635,10.0
5636,5.0
5637,10.0
5638,10.0
5639,10.0
5640,9.0
5641,10.0
5642,10.0
5643,10.0
5644,0.5
5645,6.0
5646,0.75
5647,10.0
5648,10.0
5649,10.0
5650,10.0
5651,0.25
5652,10.0
5653,10.0
5654,10.0
5655,9.0
5656,7.0
5657,10.0
5658,10.0
5659,10.0
5660,10.0
5661,10.0
5662,10.0
5663,10.0
5664,10.0
5665,0.0
5666,10.0
5667,10.0
5668,10.0
5669,10.0
5670,10.0
5671,10.0
5672,0.0
5673,4.0
5674,10.0
5675,10.0
5676,10.0
5677,7.0
5678,10.0
5679,3.0
5680,10.0
5681,10.0
5682,1.5
5683,10.0
5684,7.0
5685,10.0
5686,5.0
5687,10.0
5688,10.0
5689,10.0
5690,10.0
5691,6.0
5692,0.25
5693,10.0
5694,10.0
5695,10.0
5696,10.0
5697,10.0
5698,10.0
5699,8.0
5700,10.0
5701,10.0
5702,9.0
5703,10.0
5704,10.0
5705,10.0
5706,10.0
5707,10.0
5708,10.0
5709,7.0
5710,10.0
5711,10.0
5712,0.5
5713,8.0
5714,10.0
5715,10.0
5716,10.0
5717,10.0
5718,10.0
5719,0.0
5720,10.0
5721,1.0
5722,10.0
5723,10.0
5724,10.0
5725,10.0
5726,10.0
5727,10.0
5728,5.0
5729,4.0
5730,10.0
5731,10.0
5732,0.12
5733,10.0
5734,10.0
5735,10.0
5736,10.0
5737,10.0
5738,10.0
5739,10.0
5740,10.0
5741,10.0
5742,10.0
5743,10.0
5744,8.0
5745,10.0
5746,0.0
5747,10.0
5748,10.0
5749,10.0
5750,10.0
5751,10.0
5752,10.0
5753,10.0
5754,1.0
5755,10.0
5756,10.0
5757,4.0
5758,8.0
5759,10.0
5760,2.5
5761,10.0
5762,10.0
5763,6.0
5764,10.0
5765,1.25
5766,10.0
5767,10.0
5768,10.0
5769,10.0
5770,10.0
5771,3.0
5772,9.0
5773,8.0
5774,10.0
5775,8.0
5776,0.5
5777,10.0
5778,10.0
5779,10.0
5780,1.5
5781,10.0
5782,4.0
5783,10.0
5784,10.0
5785,10.0
5786,10.0
5787,10.0
5788,10.0
5789,8.0
5790,10.0
5791,10.0
5792,10.0
5793,0.25
5794,5.0
5795,10.0
5796,10.0
5797,7.0
5798,10.0
5799,10.0
5800,10.0
5801,10.0
5802,8.5
5803,10.0
5804,10.0
5805,10.0
5806,10.0
5807,2.0
5808,10.0
5809,10.0
5810,10.0
5811,5.0
5812,8.0
5813,10.0
5814,10.0
5815,10.0
5816,10.0
5817,10.0
5818,10.0
5819,10.0
5820,10.0
5821,3.0
5822,3.0
5823,10.0
5824,10.0
5825,0.12
5826,10.0
5827,10.0
5828,9.0
5829,10.0
5830,10.0
5831,10.0
5832,10.0
5833,6.0
5834,10.0
5835,10.0
5836,10.0
5837,10.0
5838,10.0
5839,0.25
5840,10.0
5841,10.0
5842,10.0
5843,10.0
5844,10.0
5845,10.0
5846,0.0
5847,10.0
5848,10.0
5849,1.0
5850,5.0
5851,2.0
5852,9.0
5853,10.0
5854,10.0
5855,10.0
5856,10.0
5857,10.0
5858,10.0
5859,10.0
5860,2.0
5861,10.0
5862,10.0
5863,10.0
5864,9.0
5865,10.0
5866,10.0
5867,10.0
5868,10.0
5869,10.0
5870,8.0
5871,10.0
5872,10.0
5873,10.0
5874,10.0
5875,10.0
5876,5.0
5877,10.0
5878,10.0
5879,10.0
5880,0.5
5881,10.0
5882,10.0
5883,10.0
5884,10.0
5885,7.0
5886,7.0
5887,7.0
5888,10.0
5889,10.0
5890,9.0
5891,10.0
5892,10.0
5893,10.0
5894,10.0
5895,10.0
5896,10.0
5897,10.0
5898,10.0
5899,10.0
5900,10.0
5901,10.0
5902,5.0
5903,0.12
5904,9.0
5905,10.0
5906,6.0
5907,10.0
5908,10.0
5909,4.0
5910,0.25
5911,10.0
5912,10.0
5913,10.0
5914,10.0
5915,7.0
5916,10.0
5917,10.0
5918,1.0
5919,10.0
5920,10.0
5921,10.0
5922,7.0
5923,10.0
5924,10.0
5925,10.0
5926,10.0
5927,10.0
5928,10.0
5929,0.25
5930,10.0
5931,10.0
5932,10.0
5933,10.0
5934,10.0
5935,2.0
5936,10.0
5937,10.0
5938,10.0
5939,10.0
5940,10.0
5941,10.0
5942,10.0
5943,10.0
5944,10.0
5945,10.0
5946,10.0
5947,10.0
5948,7.0
5949,10.0
5950,7.0
5951,10.0
5952,10.0
5953,9.0
5954,10.0
5955,10.0
5956,10.0
5957,10.0
5958,10.0
5959,10.0
5960,10.0
5961,0.0
5962,10.0
5963,10.0
5964,10.0
5965,6.0
5966,10.0
5967,8.0
5968,10.0
5969,6.0
5970,10.0
5971,9.0
5972,10.0
5973,8.0
5974,10.0
5975,10.0
5976,10.0
5977,2.0
5978,10.0
5979,10.0
5980,7.0
5981,10.0
5982,10.0
5983,0.5
5984,0.25
5985,7.0
5986,4.0
5987,10.0
5988,10.0
5989,0.5
5990,10.0
5991,10.0
5992,10.0
5993,6.0
5994,10.0
5995,0.0
5996,8.0
5997,10.0
5998,2.0
5999,10.0
6000,10.0
6001,10.0
6002,10.0
6003,5.0
6004,10.0
6005,5.0
6006,10.0
6007,0.12
6008,10.0
6009,1.0
6010,10.0
6011,10.0
6012,10.0
6013,10.0
6014,10.0
6015,10.0
6016,10.0
6017,10.0
6018,10.0
6019,10.0
6020,10.0
6021,10.0
6022,0.5
6023,1.0
6024,10.0
6025,7.0
6026,10.0
6027,10.0
6028,10.0
6029,10.0
6030,8.0
6031,10.0
6032,10.0
6033,6.0
6034,10.0
6035,9.0
6036,10.0
6037,10.0
6038,3.0
6039,10.0
6040,6.0
6041,10.0
6042,10.0
6043,10.0
6044,10.0
6045,10.0
6046,10.0
6047,6.0
6048,7.0
6049,10.0
6050,10.0
6051,10.0
6052,3.0
6053,10.0
6054,10.0
6055,10.0
6056,10.0
6057,10.0
6058,0.12
6059,10.0
6060,1.25
6061,10.0
6062,10.0
6063,1.5
6064,9.0
6065,10.0
6066,10.0
6067,6.0
6068,10.0
6069,4.0
6070,10.0
6071,7.0
6072,1.0
6073,10.0
6074,10.0
6075,0.0
6076,0.0
6077,10.0
6078,10.0
6079,10.0
6080,10.0
6081,10.0
6082,10.0
6083,7.0
6084,1.5
6085,10.0
6086,4.0
6087,10.0
6088,8.0
6089,10.0
6090,9.0
6091,10.0
6092,10.0
6093,10.0
6094,10.0
6095,10.0
6096,10.0
6097,10.0
6098,10.0
6099,10.0
6100,10.0
6101,8.0
6102,10.0
6103,6.0
6104,9.0
6105,10.0
6106,10.0
6107,10.0
6108,10.0
6109,10.0
6110,5.0
6111,7.0
6112,10.0
6113,10.0
6114,10.0
6115,10.0
6116,10.0
6117,8.0
6118,10.0
6119,10.0
6120,10.0
6121,10.0
6122,10.0
6123,3.0
6124,10.0
6125,6.0
6126,10.0
6127,10.0
6128,10.0
6129,10.0
6130,10.0
6131,10.0
6132,10.0
6133,10.0
6134,10.0
6135,10.0
6136,10.0
6137,8.0
6138,3.0
6139,0.25
6140,5.0
6141,8.0
6142,1.0
6143,10.0
6144,10.0
6145,10.0
6146,10.0
6147,10.0
6148,10.0
6149,10.0
6150,10.0
6151,10.0
6152,5.0
6153,10.0
6154,7.0
6155,10.0
6156,2.0
6157,5.0
6158,10.0
6159,10.0
6160,2.0
6161,10.0
6162,10.0
6163,10.0
6164,10.0
6165,10.0
6166,10.0
6167,10.0
6168,10.0
6169,10.0
6170,8.0
6171,10.0
6172,10.0
6173,10.0
6174,10.0
6175,10.0
6176,0.25
6177,10.0
6178,0.12
6179,10.0
6180,10.0
6181,10.0
6182,10.0
6183,7.0
6184,10.0
6185,7.0
6186,10.0
6187,10.0
6188,10.0
6189,6.5
6190,10.0
6191,10.0
6192,9.0
6193,10.0
6194,10.0
6195,10.0
6196,10.0
6197,10.0
6198,2.0
6199,10.0
6200,10.0
6201,2.5
6202,10.0
6203,10.0
6204,9.0
6205,6.0
6206,10.0
6207,10.0
6208,10.0
6209,0.5
6210,10.0
6211,7.0
6212,10.0
6213,1.5
6214,0.5
6215,10.0
6216,10.0
6217,8.0
6218,10.0
6219,10.0
6220,10.0
6221,10.0
6222,10.0
6223,3.0
6224,9.0
6225,10.0
6226,10.0
6227,5.0
6228,10.0
6229,0.12
6230,8.0
6231,10.0
6232,10.0
6233,10.0
6234,10.0
6235,10.0
6236,10.0
6237,7.0
6238,10.0
6239,10.0
6240,10.0
6241,10.0
6242,10.0
6243,10.0
6244,10.0
6245,10.0
6246,10.0
6247,10.0
6248,8.0
6249,10.0
6250,10.0
6251,10.0
6252,10.0
6253,10.0
6254,10.0
6255,10.0
6256,10.0
6257,10.0
6258,4.0
6259,10.0
6260,6.0
6261,10.0
6262,10.0
6263,10.0
6264,2.5
6265,10.0
6266,10.0
6267,0.75
6268,10.0
6269,0.12
6270,0.0
6271,10.0
6272,8.0
6273,10.0
6274,7.0
6275,10.0
6276,8.0
6277,10.0
6278,10.0
6279,10.0
6280,10.0
6281,10.0
6282,10.0
6283,10.0
6284,10.0
6285,10.0
6286,8.0
6287,9.0
6288,10.0
6289,10.0
6290,10.0
6291,10.0
6292,10.0
6293,4.0
6294,10.0
6295,10.0
6296,10.0
6297,10.0
6298,10.0
6299,10.0
6300,10.0
6301,10.0
6302,10.0
6303,9.0
6304,10.0
6305,10.0
6306,8.0
6307,10.0
6308,1.5
6309,10.0
6310,10.0
6311,10.0
6312,10.0
6313,10.0
6314,2.0
6315,10.0
6316,10.0
6317,10.0
6318,10.0
6319,10.0
6320,10.0
6321,0.5
6322,10.0
6323,3.0
6324,10.0
6325,10.0
6326,8.0
6327,7.0
6328,2.0
6329,10.0
6330,10.0
6331,10.0
6332,10.0
6333,3.0
6334,10.0
6335,10.0
6336,10.0
6337,10.0
6338,10.0
6339,6.0
6340,10.0
6341,0.5
6342,10.0
6343,0.12
6344,10.0
6345,1.0
6346,2.0
6347,10.0
6348,0.25
6349,9.0
6350,10.0
6351,10.0
6352,3.0
6353,5.0
6354,10.0
6355,10.0
6356,10.0
6357,10.0
6358,10.0
6359,10.0
6360,10.0
6361,10.0
6362,10.0
6363,10.0
6364,10.0
6365,10.0
6366,10.0
6367,10.0
6368,10.0
6369,10.0
6370,10.0
6371,10.0
6372,10.0
6373,10.0
6374,10.0
6375,10.0
6376,10.0
6377,10.0
6378,10.0
6379,10.0
6380,10.0
6381,0.12
6382,2.0
6383,3.0
6384,10.0
6385,8.0
6386,10.0
6387,9.0
6388,10.0
6389,10.0
6390,8.0
6391,8.0
6392,10.0
6393,10.0
6394,10.0
6395,10.0
6396,10.0
6397,10.0
6398,10.0
6399,10.0
6400,3.0
6401,4.0
6402,0.5
6403,10.0
6404,7.0
6405,10.0
6406,7.0
6407,10.0
6408,10.0
6409,6.0
6410,8.5
6411,10.0
6412,10.0
6413,10.0
6414,10.0
6415,9.0
6416,7.0
6417,10.0
6418,10.0
6419,10.0
6420,10.0
6421,10.0
6422,10.0
6423,10.0
6424,10.0
6425,10.0
6426,10.0
6427,10.0
6428,7.0
6429,7.0
6430,3.0
6431,10.0
6432,7.0
6433,10.0
6434,10.0
6435,10.0
6436,10.0
6437,6.0
6438,10.0
6439,10.0
6440,10.0
6441,10.0
6442,10.0
6443,10.0
6444,10.0
6445,2.0
6446,10.0
6447,8.0
6448,10.0
6449,10.0
6450,10.0
6451,10.0
6452,10.0
6453,10.0
6454,9.0
6455,10.0
6456,3.0
6457,10.0
6458,2.0
6459,2.5
6460,10.0
6461,10.0
6462,10.0
6463,2.0
6464,0.5
6465,10.0
6466,10.0
6467,10.0
6468,10.0
6469,6.0
6470,10.0
6471,10.0
6472,8.0
6473,10.0
6474,10.0
6475,10.0
6476,10.0
6477,10.0
6478,10.0
6479,8.0
6480,2.0
6481,8.0
6482,10.0
6483,10.0
6484,10.0
6485,0.12
6486,10.0
6487,10.0
6488,10.0
6489,10.0
6490,7.0
6491,10.0
6492,10.0
6493,10.0
6494,10.0
6495,10.0
6496,10.0
6497,6.0
6498,10.0
6499,10.0
6500,10.0
6501,5.0
6502,10.0
6503,8.0
6504,9.0
6505,10.0
6506,5.0
6507,10.0
6508,7.0
6509,10.0
6510,10.0
6511,10.0
6512,9.333333333333334
6513,6.0
6514,10.0
6515,10.0
6516,2.0
6517,10.0
6518,10.0
6519,10.0
6520,0.5
6521,10.0
6522,10.0
6523,4.0
6524,0.5
6525,2.0
6526,10.0
6527,6.0
6528,10.0
6529,10.0
6530,10.0
6531,10.0
6532,10.0
6533,10.0
6534,10.0
6535,10.0
6536,10.0
6537,10.0
6538,10.0
6539,10.0
6540,10.0
6541,10.0
6542,10.0
6543,10.0
6544,10.0
6545,10.0
6546,6.0
6547,10.0
6548,4.0
6549,8.0
6550,4.0
6551,10.0
6552,10.0
6553,0.12
6554,10.0
6555,10.0
6556,10.0
6557,10.0
6558,2.0
6559,10.0
6560,10.0
6561,10.0
6562,10.0
6563,0.12
6564,9.0
6565,10.0
6566,10.0
6567,10.0
6568,10.0
6569,10.0
6570,10.0
6571,10.0
6572,5.0
6573,10.0
6574,10.0
6575,3.0
6576,10.0
6577,10.0
6578,5.0
6579,10.0
6580,6.0
6581,9.0
6582,3.0
6583,10.0
6584,10.0
6585,8.0
6586,10.0
6587,10.0
6588,7.0
6589,10.0
6590,10.0
6591,10.0
6592,0.0
6593,10.0
6594,10.0
6595,1.5
6596,8.0
6597,10.0
6598,8.0
6599,0.0
6600,10.0
6601,10.0
6602,10.0
6603,7.0
6604,10.0
6605,1.0
6606,10.0
6607,10.0
6608,10.0
6609,6.0
6610,0.25
6611,10.0
6612,0.0
6613,10.0
6614,10.0
6615,10.0
6616,10.0
6617,10.0
6618,3.0
6619,10.0
6620,10.0
6621,10.0
6622,6.0
6623,10.0
6624,10.0
6625,7.0
6626,0.5
6627,6.0
6628,10.0
6629,10.0
6630,10.0
6631,10.0
6632,10.0
6633,10.0
6634,9.0
6635,10.0
6636,10.0
6637,10.0
6638,10.0
6639,10.0
6640,10.0
6641,10.0
6642,10.0
6643,10.0
6644,10.0
6645,10.0
6646,10.0
6647,7.0
6648,2.0
6649,7.0
6650,0.75
6651,2.5
6652,10.0
6653,10.0
6654,10.0
6655,10.0
6656,10.0
6657,10.0
6658,8.0
6659,10.0
6660,3.0
6661,10.0
6662,10.0
6663,8.0
6664,1.5
6665,10.0
6666,10.0
6667,10.0
6668,10.0
6669,1.0
6670,10.0
6671,9.0
6672,10.0
6673,10.0
6674,10.0
6675,10.0
6676,9.0
6677,10.0
6678,3.0
6679,9.0
6680,7.0
6681,10.0
6682,10.0
6683,9.0
6684,10.0
6685,10.0
6686,10.0
6687,10.0
6688,10.0
6689,4.0
6690,10.0
6691,10.0
6692,10.0
6693,10.0
6694,10.0
6695,1.0
6696,6.0
6697,10.0
6698,10.0
6699,10.0
6700,10.0
6701,10.0
6702,8.0
6703,10.0
6704,10.0
6705,10.0
6706,10.0
6707,0.0
6708,10.0
6709,10.0
6710,10.0
6711,10.0
6712,10.0
6713,0.5
6714,8.0
6715,7.0
6716,10.0
6717,10.0
6718,10.0
6719,10.0
6720,5.0
6721,0.12
6722,8.0
6723,3.0
6724,10.0
6725,10.0
6726,9.0
6727,10.0
6728,0.5
6729,10.0
6730,0.12
6731,10.0
6732,10.0
6733,10.0
6734,10.0
6735,0.0
6736,10.0
6737,2.0
6738,10.0
6739,10.0
6740,10.0
6741,8.0
6742,0.25
6743,10.0
6744,10.0
6745,0.0
6746,10.0
6747,7.0
6748,10.0
6749,10.0
6750,10.0
6751,10.0
6752,10.0
6753,7.0
6754,10.0
6755,10.0
6756,10.0
6757,10.0
6758,10.0
6759,8.0
6760,10.0
6761,10.0
6762,8.0
6763,10.0
6764,10.0
6765,10.0
6766,2.5
6767,10.0
6768,2.0
6769,10.0
6770,0.75
6771,10.0
6772,10.0
6773,10.0
6774,10.0
6775,10.0
6776,10.0
6777,8.0
6778,10.0
6779,10.0
6780,6.0
6781,10.0
6782,10.0
6783,5.0
6784,0.5
6785,10.0
6786,10.0
6787,10.0
6788,5.0
6789,1.0
6790,10.0
6791,10.0
6792,10.0
6793,10.0
6794,10.0
6795,0.5
6796,10.0
6797,4.0
6798,10.0
6799,10.0
6800,10.0
6801,10.0
6802,10.0
6803,10.0
6804,10.0
6805,7.0
6806,10.0
6807,10.0
6808,10.0
6809,10.0
6810,0.5
6811,10.0
6812,9.0
6813,10.0
6814,10.0
6815,7.0
6816,0.5
6817,10.0
6818,10.0
6819,10.0
6820,1.0
6821,10.0
6822,10.0
6823,9.0
6824,10.0
6825,10.0
6826,8.0
6827,10.0
6828,8.0
6829,1.5
6830,10.0
6831,10.0
6832,7.0
6833,10.0
6834,0.25
6835,10.0
6836,10.0
6837,10.0
6838,10.0
6839,10.0
6840,8.0
6841,0.25
6842,10.0
6843,8.0
6844,10.0
6845,9.0
6846,0.12
6847,10.0
6848,0.0
6849,7.0
6850,10.0
6851,10.0
6852,10.0
6853,10.0
6854,10.0
6855,3.0
6856,10.0
6857,10.0
6858,10.0
6859,9.0
6860,10.0
6861,3.0
6862,0.75
6863,10.0
6864,10.0
6865,1.0
6866,10.0
6867,10.0
6868,10.0
6869,10.0
6870,10.0
6871,2.5
6872,10.0
6873,10.0
6874,5.0
6875,10.0
6876,8.0
6877,10.0
6878,10.0
6879,10.0
6880,10.0
6881,10.0
6882,10.0
6883,10.0
6884,1.5
6885,10.0
6886,10.0
6887,10.0
6888,4.0
6889,2.5
6890,3.0
6891,10.0
6892,10.0
6893,0.25
6894,10.0
6895,7.0
6896,10.0
6897,10.0
6898,10.0
6899,2.5
6900,10.0
6901,10.0
6902,10.0
6903,10.0
6904,4.0
6905,0.0
6906,10.0
6907,10.0
6908,6.0
6909,10.0
6910,10.0
6911,10.0
6912,10.0
6913,10.0
6914,10.0
6915,10.0
6916,10.0
6917,10.0
6918,10.0
6919,1.0
6920,10.0
6921,10.0
6922,8.0
6923,10.0
6924,10.0
6925,7.0
6926,7.0
6927,10.0
6928,10.0
6929,10.0
6930,10.0
6931,2.5
6932,10.0
6933,8.0
6934,10.0
6935,10.0
6936,10.0
6937,10.0
6938,1.5
6939,10.0
6940,10.0
6941,5.0
6942,10.0
6943,10.0
6944,7.0
6945,10.0
6946,10.0
6947,10.0
6948,5.0
6949,10.0
6950,6.0
6951,10.0
6952,10.0
6953,4.0
6954,10.0
6955,10.0
6956,10.0
6957,10.0
6958,9.0
6959,1.0
6960,10.0
6961,10.0
6962,10.0
6963,7.0
6964,0.0
6965,10.0
6966,1.0
6967,10.0
6968,10.0
6969,10.0
6970,10.0
6971,7.0
6972,10.0
6973,10.0
6974,10.0
6975,10.0
6976,10.0
6977,6.0
6978,10.0
6979,10.0
6980,9.0
6981,10.0
6982,9.0
6983,10.0
6984,10.0
6985,10.0
6986,10.0
6987,10.0
6988,0.25
6989,10.0
6990,10.0
6991,10.0
6992,10.0
6993,8.0
6994,10.0
6995,10.0
6996,10.0
6997,10.0
6998,10.0
6999,10.0
7000,10.0
7001,10.0
7002,10.0
7003,10.0
7004,10.0
7005,10.0
7006,8.0
7007,10.0
7008,8.0
7009,10.0
7010,10.0
7011,10.0
7012,3.0
7013,10.0
7014,10.0
7015,10.0
7016,7.0
7017,8.0
7018,10.0
7019,9.0
7020,10.0
7021,9.0
7022,10.0
7023,10.0
7024,10.0
7025,1.0
7026,6.0
7027,10.0
7028,8.0
7029,0.25
7030,10.0
7031,10.0
7032,10.0
7033,10.0
7034,10.0
7035,10.0
7036,10.0
7037,10.0
7038,10.0
7039,10.0
7040,10.0
7041,10.0
7042,10.0
7043,10.0
7044,5.0
7045,3.0
7046,10.0
7047,9.0
7048,10.0
7049,10.0
7050,10.0
7051,10.0
7052,10.0
7053,10.0
7054,7.0
7055,10.0
7056,10.0
7057,1.5
7058,10.0
7059,4.0
7060,10.0
7061,10.0
7062,10.0
7063,1.0
7064,10.0
7065,9.0
7066,10.0
7067,8.0
7068,10.0
7069,4.0
7070,10.0
7071,10.0
7072,10.0
7073,10.0
7074,10.0
7075,10.0
7076,0.12
7077,10.0
7078,10.0
7079,4.0
7080,8.0
7081,10.0
7082,3.0
7083,10.0
7084,7.0
7085,10.0
7086,10.0
7087,10.0
7088,10.0
7089,10.0
7090,10.0
7091,10.0
7092,6.0
7093,10.0
7094,9.0
7095,10.0
7096,10.0
7097,0.25
7098,10.0
7099,10.0
7100,6.0
7101,5.625
7102,1.5
7103,7.0
7104,9.0
7105,10.0
7106,10.0
7107,10.0
7108,7.0
7109,10.0
7110,0.12
7111,9.0
7112,10.0
7113,4.5
7114,10.0
7115,0.0
7116,10.0
7117,10.0
7118,1.5
7119,10.0
7120,10.0
7121,10.0
7122,1.5
7123,10.0
7124,10.0
7125,10.0
7126,9.0
7127,4.0
7128,10.0
7129,10.0
7130,10.0
7131,9.0
7132,10.0
7133,10.0
7134,0.12
7135,10.0
7136,9.0
7137,10.0
7138,0.25
7139,10.0
7140,10.0
7141,10.0
7142,10.0
7143,10.0
7144,10.0
7145,10.0
7146,10.0
7147,10.0
7148,10.0
7149,10.0
7150,10.0
7151,10.0
7152,10.0
7153,1.0
7154,10.0
7155,10.0
7156,10.0
7157,10.0
7158,9.0
7159,10.0
7160,10.0
7161,9.5
7162,10.0
7163,10.0
7164,6.0
7165,7.0
7166,10.0
7167,3.0
7168,10.0
7169,3.0
7170,0.5
7171,2.5
7172,10.0
7173,10.0
7174,10.0
7175,1.0
7176,10.0
7177,0.25
7178,6.0
7179,10.0
7180,10.0
7181,1.5
7182,3.0
7183,5.0
7184,10.0
7185,4.0
7186,5.0
7187,10.0
7188,10.0
7189,10.0
7190,6.0
7191,2.5
7192,10.0
7193,10.0
7194,10.0
7195,10.0
7196,10.0
7197,10.0
7198,2.0
7199,10.0
7200,10.0
7201,10.0
7202,10.0
7203,10.0
7204,0.0
7205,10.0
7206,10.0
7207,10.0
7208,10.0
7209,3.0
7210,10.0
7211,10.0
7212,2.0
7213,10.0
7214,10.0
7215,10.0
7216,7.0
7217,9.0
7218,8.0
7219,8.0
7220,0.0
7221,9.5
7222,8.0
7223,10.0
7224,0.0
7225,10.0
7226,0.25
7227,7.0
7228,10.0
7229,10.0
7230,10.0
7231,10.0
7232,3.0
7233,10.0
7234,10.0
7235,10.0
7236,0.12
7237,7.0
7238,7.0
7239,4.0
7240,10.0
7241,0.25
7242,10.0
7243,0.25
7244,10.0
7245,10.0
7246,4.0
7247,10.0
7248,10.0
7249,10.0
7250,10.0
7251,8.0
7252,10.0
7253,10.0
7254,10.0
7255,10.0
7256,10.0
7257,10.0
7258,10.0
7259,10.0
7260,10.0
7261,10.0
7262,10.0
7263,10.0
7264,9.0
7265,10.0
7266,1.25
7267,10.0
7268,10.0
7269,9.0
7270,0.5
7271,10.0
7272,9.0
7273,1.0
7274,0.0
7275,10.0
7276,10.0
7277,10.0
7278,10.0
7279,2.0
7280,10.0
7281,10.0
7282,10.0
7283,10.0
7284,10.0
7285,6.0
7286,10.0
7287,10.0
7288,10.0
7289,10.0
7290,10.0
7291,10.0
7292,10.0
7293,10.0
7294,10.0
7295,10.0
7296,5.0
7297,9.0
7298,10.0
7299,10.0
7300,10.0
7301,0.25
7302,0.12
7303,10.0
7304,1.0
7305,10.0
7306,10.0
7307,10.0
7308,10.0
7309,10.0
7310,10.0
7311,10.0
7312,10.0
7313,10.0
7314,10.0
7315,10.0
7316,10.0
7317,10.0
7318,10.0
7319,10.0
7320,10.0
7321,10.0
7322,9.0
7323,10.0
7324,10.0
7325,10.0
7326,10.0
7327,10.0
7328,1.5
7329,10.0
7330,10.0
7331,9.0
7332,10.0
7333,10.0
7334,10.0
7335,10.0
7336,0.5
7337,10.0
7338,10.0
7339,10.0
7340,10.0
7341,10.0
7342,10.0
7343,10.0
7344,8.0
7345,5.0
7346,7.0
7347,5.0
7348,9.0
7349,10.0
7350,10.0
7351,10.0
7352,10.0
7353,10.0
7354,10.0
7355,10.0
7356,8.0
7357,9.0
7358,10.0
7359,10.0
7360,7.0
7361,10.0
7362,10.0
7363,10.0
7364,10.0
7365,10.0
7366,10.0
7367,10.0
7368,10.0
7369,10.0
7370,10.0
7371,2.0
7372,10.0
7373,0.25
7374,10.0
7375,10.0
7376,10.0
7377,10.0
7378,10.0
7379,10.0
7380,10.0
7381,10.0
7382,10.0
7383,0.75
7384,10.0
7385,10.0
7386,7.0
7387,10.0
7388,10.0
7389,8.0
7390,10.0
7391,5.0
7392,3.0
7393,10.0
7394,10.0
7395,10.0
7396,8.0
7397,8.0
7398,9.0
7399,10.0
7400,8.0
7401,10.0
7402,0.25
7403,10.0
7404,10.0
7405,10.0
7406,10.0
7407,7.0
7408,10.0
7409,10.0
7410,10.0
7411,10.0
7412,8.0
7413,10.0
7414,10.0
7415,7.0
7416,10.0
7417,10.0
7418,10.0
7419,10.0
7420,9.0
7421,10.0
7422,10.0
7423,10.0
7424,10.0
7425,10.0
7426,5.0
7427,3.0
7428,10.0
7429,9.0
7430,10.0
7431,8.0
7432,0.25
7433,10.0
7434,10.0
7435,10.0
7436,10.0
7437,10.0
7438,10.0
7439,10.0
7440,7.0
7441,10.0
7442,7.0
7443,4.0
7444,10.0
7445,10.0
7446,10.0
7447,10.0
7448,10.0
7449,10.0
7450,10.0
7451,10.0
7452,0.12
7453,10.0
7454,10.0
7455,9.0
7456,0.12
7457,7.0
7458,10.0
7459,3.0
7460,10.0
7461,0.5
7462,10.0
7463,10.0
7464,1.0
7465,5.0
7466,8.0
7467,3.0
7468,10.0
7469,10.0
7470,10.0
7471,10.0
7472,10.0
7473,10.0
7474,10.0
7475,10.0
7476,10.0
7477,10.0
7478,7.0
7479,10.0
7480,10.0
7481,8.5
7482,10.0
7483,10.0
7484,10.0
7485,10.0
7486,10.0
7487,10.0
7488,10.0
7489,10.0
7490,0.12
7491,8.0
7492,0.25
7493,10.0
7494,10.0
7495,10.0
7496,5.0
7497,10.0
7498,10.0
7499,10.0
7500,10.0
7501,1.0
7502,7.0
7503,10.0
7504,10.0
7505,10.0
7506,6.0
7507,10.0
7508,1.0
7509,10.0
7510,10.0
7511,8.0
7512,10.0
7513,10.0
7514,10.0
7515,10.0
7516,5.0
7517,10.0
7518,10.0
7519,10.0
7520,10.0
7521,10.0
7522,0.0
7523,10.0
7524,4.0
7525,6.0
7526,10.0
7527,10.0
7528,5.0
7529,10.0
7530,10.0
7531,10.0
7532,10.0
7533,10.0
7534,7.0
7535,7.0
7536,0.5
7537,10.0
7538,10.0
7539,10.0
7540,10.0
7541,10.0
7542,10.0
7543,10.0
7544,10.0
7545,10.0
7546,10.0
7547,10.0
7548,2.5
7549,0.5
7550,10.0
7551,0.5
7552,8.0
7553,10.0
7554,10.0
7555,5.0
7556,10.0
7557,10.0
7558,10.0
7559,10.0
7560,10.0
7561,6.0
7562,5.0
7563,10.0
7564,10.0
7565,10.0
7566,8.0
7567,10.0
7568,10.0
7569,10.0
7570,10.0
7571,3.0
7572,10.0
7573,10.0
7574,0.0
7575,10.0
7576,10.0
7577,1.5
7578,10.0
7579,0.25
7580,10.0
7581,6.0
7582,8.0
7583,10.0
7584,10.0
7585,10.0
7586,10.0
7587,10.0
7588,10.0
7589,10.0
7590,10.0
7591,10.0
7592,10.0
7593,10.0
7594,10.0
7595,7.0
7596,10.0
7597,10.0
7598,2.0
7599,0.25
7600,2.0
7601,8.0
7602,10.0
7603,4.0
7604,10.0
7605,10.0
7606,10.0
7607,10.0
7608,10.0
7609,10.0
7610,10.0
7611,10.0
7612,10.0
7613,0.5
7614,10.0
7615,7.0
7616,10.0
7617,10.0
7618,10.0
7619,10.0
7620,10.0
7621,10.0
7622,10.0
7623,9.0
7624,10.0
7625,8.0
7626,7.0
7627,10.0
7628,0.0
7629,6.0
7630,10.0
7631,10.0
7632,2.0
7633,10.0
7634,10.0
7635,10.0
7636,10.0
7637,9.0
7638,1.5
7639,10.0
7640,10.0
7641,10.0
7642,6.0
7643,10.0
7644,10.0
7645,0.5
7646,10.0
7647,10.0
7648,10.0
7649,10.0
7650,10.0
7651,10.0
7652,10.0
7653,10.0
7654,10.0
7655,10.0
7656,10.0
7657,8.0
7658,10.0
7659,9.0
7660,0.12
7661,10.0
7662,10.0
7663,8.0
7664,10.0
7665,10.0
7666,10.0
7667,0.25
7668,7.0
7669,2.0
7670,10.0
7671,0.25
7672,10.0
7673,7.0
7674,10.0
7675,10.0
7676,8.0
7677,10.0
7678,10.0
7679,10.0
7680,10.0
7681,10.0
7682,0.0
7683,10.0
7684,10.0
7685,10.0
7686,10.0
7687,9.0
7688,10.0
7689,10.0
7690,10.0
7691,10.0
7692,10.0
7693,7.0
7694,10.0
7695,10.0
7696,10.0
7697,10.0
7698,0.0
7699,10.0
7700,0.12
7701,10.0
7702,10.0
7703,10.0
7704,10.0
7705,10.0
7706,10.0
7707,10.0
7708,10.0
7709,10.0
7710,10.0
7711,10.0
7712,7.0
7713,10.0
7714,10.0
7715,10.0
7716,10.0
7717,10.0
7718,5.0
7719,10.0
7720,10.0
7721,6.0
7722,2.5
7723,10.0
7724,10.0
7725,10.0
7726,10.0
7727,0.25
7728,0.25
7729,10.0
7730,10.0
7731,10.0
7732,10.0
7733,10.0
7734,10.0
7735,10.0
7736,10.0
7737,10.0
7738,10.0
7739,10.0
7740,0.5
7741,3.0
7742,10.0
7743,0.25
7744,10.0
7745,6.0
7746,10.0
7747,8.0
7748,8.0
7749,10.0
7750,10.0
7751,8.0
7752,9.0
7753,6.0
7754,9.0
7755,9.0
7756,10.0
7757,10.0
7758,10.0
7759,10.0
7760,0.0
7761,8.0
7762,6.0
7763,10.0
7764,10.0
7765,10.0
7766,7.0
7767,10.0
7768,10.0
7769,10.0
7770,10.0
7771,10.0
7772,10.0
7773,10.0
7774,10.0
7775,10.0
7776,10.0
7777,10.0
7778,10.0
7779,10.0
7780,0.25
7781,10.0
7782,10.0
7783,10.0
7784,7.0
7785,10.0
7786,10.0
7787,10.0
7788,10.0
7789,0.5
7790,10.0
7791,10.0
7792,10.0
7793,10.0
7794,10.0
7795,10.0
7796,10.0
7797,0.25
7798,10.0
7799,10.0
7800,0.75
7801,10.0
7802,10.0
7803,10.0
7804,10.0
7805,10.0
7806,10.0
7807,10.0
7808,2.5
7809,10.0
7810,0.25
7811,8.0
7812,10.0
7813,0.12
7814,10.0
7815,10.0
7816,1.0
7817,10.0
7818,10.0
7819,6.0
7820,8.0
7821,10.0
7822,10.0
7823,10.0
7824,1.5
7825,10.0
7826,7.0
7827,10.0
7828,7.0
7829,10.0
7830,6.0
7831,10.0
7832,10.0
7833,0.75
7834,10.0
7835,2.0
7836,10.0
7837,10.0
7838,10.0
7839,10.0
7840,10.0
7841,10.0
7842,10.0
7843,10.0
7844,10.0
7845,10.0
7846,10.0
7847,10.0
7848,9.0
7849,8.0
7850,10.0
7851,10.0
7852,6.0
7853,6.0
7854,10.0
7855,10.0
7856,8.0
7857,10.0
7858,8.0
7859,10.0
7860,10.0
7861,10.0
7862,10.0
7863,3.0
7864,5.0
7865,10.0
7866,10.0
7867,1.5
7868,10.0
7869,10.0
7870,10.0
7871,7.0
7872,10.0
7873,1.0
7874,10.0
7875,7.0
7876,6.0
7877,7.0
7878,10.0
7879,10.0
7880,7.0
7881,10.0
7882,10.0
7883,2.0
7884,10.0
7885,10.0
7886,4.0
7887,10.0
7888,10.0
7889,10.0
7890,10.0
7891,1.5
7892,6.0
7893,10.0
7894,10.0
7895,10.0
7896,10.0
7897,0.25
7898,8.0
7899,10.0
7900,10.0
7901,10.0
7902,10.0
7903,10.0
7904,10.0
7905,10.0
7906,7.0
7907,10.0
7908,10.0
7909,10.0
7910,10.0
7911,10.0
7912,10.0
7913,10.0
7914,8.0
7915,10.0
7916,10.0
7917,10.0
7918,2.0
7919,0.5
7920,10.0
7921,8.0
7922,9.0
7923,10.0
7924,6.0
7925,6.0
7926,10.0
7927,7.0
7928,10.0
7929,7.0
7930,0.5
7931,6.0
7932,10.0
7933,10.0
7934,10.0
7935,10.0
7936,10.0
7937,10.0
7938,10.0
7939,3.0
7940,0.75
7941,10.0
7942,10.0
7943,10.0
7944,0.25
7945,10.0
7946,10.0
7947,10.0
7948,10.0
7949,6.0
7950,6.0
7951,0.5
7952,10.0
7953,10.0
7954,10.0
7955,4.0
7956,0.5
7957,10.0
7958,10.0
7959,10.0
7960,10.0
7961,10.0
7962,10.0
7963,10.0
7964,10.0
7965,9.0
7966,10.0
7967,0.5
7968,10.0
7969,10.0
7970,2.0
7971,10.0
7972,8.0
7973,6.0
7974,10.0
7975,0.12
7976,10.0
7977,10.0
7978,10.0
7979,10.0
7980,10.0
7981,10.0
7982,10.0
7983,10.0
7984,8.0
7985,10.0
7986,10.0
7987,4.0
7988,10.0
7989,10.0
7990,10.0
7991,10.0
7992,8.0
7993,5.0
7994,9.0
7995,10.0
7996,10.0
7997,10.0
7998,10.0
7999,10.0
8000,10.0
8001,10.0
8002,10.0
8003,10.0
8004,5.0
8005,10.0
8006,10.0
8007,10.0
8008,0.25
8009,10.0
8010,10.0
8011,8.0
8012,7.0
8013,10.0
8014,7.0
8015,4.0
8016,2.0
8017,10.0
8018,10.0
8019,10.0
8020,8.0
8021,10.0
8022,9.0
8023,10.0
8024,10.0
8025,10.0
8026,10.0
8027,10.0
8028,10.0
8029,10.0
8030,10.0
8031,1.5
8032,10.0
8033,0.5
8034,10.0
8035,10.0
8036,8.0
8037,10.0
8038,10.0
8039,10.0
8040,8.0
8041,10.0
8042,10.0
8043,10.0
8044,0.5
8045,10.0
8046,10.0
8047,2.0
8048,5.0
8049,6.0
8050,10.0
8051,10.0
8052,10.0
8053,10.0
8054,10.0
8055,10.0
8056,0.12
8057,2.0
8058,10.0
8059,10.0
8060,9.0
8061,10.0
8062,5.0
8063,10.0
8064,0.0
8065,10.0
8066,0.25
8067,10.0
8068,0.25
8069,10.0
8070,6.0
8071,10.0
8072,10.0
8073,10.0
8074,8.0
8075,10.0
8076,10.0
8077,10.0
8078,10.0
8079,0.5
8080,10.0
8081,7.0
8082,10.0
8083,10.0
8084,10.0
8085,10.0
8086,6.0
8087,10.0
8088,10.0
8089,4.0
8090,10.0
8091,6.0
8092,10.0
8093,10.0
8094,10.0
8095,10.0
8096,9.0
8097,9.0
8098,6.0
8099,10.0
8100,10.0
8101,10.0
8102,0.5
8103,10.0
8104,7.0
8105,2.0
8106,2.0
8107,10.0
8108,10.0
8109,10.0
8110,10.0
8111,10.0
8112,10.0
8113,8.0
8114,7.0
8115,9.0
8116,10.0
8117,10.0
8118,10.0
8119,10.0
8120,10.0
8121,10.0
8122,10.0
8123,10.0
8124,10.0
8125,10.0
8126,10.0
8127,5.0
8128,10.0
8129,10.0
8130,10.0
8131,1.5
8132,10.0
8133,10.0
8134,10.0
8135,3.0
8136,10.0
8137,5.0
8138,0.5
8139,10.0
8140,3.0
8141,7.0
8142,10.0
8143,10.0
8144,10.0
8145,9.0
8146,2.0
8147,10.0
8148,10.0
8149,10.0
8150,8.0
8151,8.0
8152,9.0
8153,0.25
8154,10.0
8155,10.0
8156,10.0
8157,10.0
8158,10.0
8159,10.0
8160,10.0
8161,10.0
8162,10.0
8163,10.0
8164,10.0
8165,10.0
8166,10.0
8167,10.0
8168,10.0
8169,1.25
8170,10.0
8171,10.0
8172,10.0
8173,0.5
8174,10.0
8175,10.0
8176,1.0
8177,10.0
8178,10.0
8179,10.0
8180,3.0
8181,10.0
8182,10.0
8183,0.0
8184,10.0
8185,10.0
8186,10.0
8187,10.0
8188,10.0
8189,10.0
8190,10.0
8191,7.0
8192,10.0
8193,10.0
8194,10.0
8195,10.0
8196,10.0
8197,0.12
8198,10.0
8199,10.0
8200,10.0
8201,10.0
8202,5.0
8203,7.0
8204,10.0
8205,10.0
8206,10.0
8207,6.0
8208,10.0
8209,10.0
8210,0.5
8211,10.0
8212,0.25
8213,10.0
8214,10.0
8215,10.0
8216,0.25
8217,4.0
8218,10.0
8219,10.0
8220,10.0
8221,10.0
8222,7.0
8223,10.0
8224,10.0
8225,10.0
8226,9.0
8227,3.0
8228,2.5
8229,5.0
8230,10.0
8231,10.0
8232,10.0
8233,6.0
8234,8.0
8235,10.0
8236,10.0
8237,10.0
8238,10.0
8239,6.0
8240,10.0
8241,10.0
8242,2.0
8243,5.0
8244,10.0
8245,10.0
8246,7.0
8247,10.0
8248,0.25
8249,4.0
8250,10.0
8251,0.0
8252,10.0
8253,6.0
8254,3.0
8255,10.0
8256,10.0
8257,10.0
8258,10.0
8259,10.0
8260,7.0
8261,10.0
8262,10.0
8263,10.0
8264,10.0
8265,10.0
8266,10.0
8267,10.0
8268,10.0
8269,0.5
8270,10.0
8271,0.25
8272,10.0
8273,10.0
8274,10.0
8275,10.0
8276,10.0
8277,6.0
8278,10.0
8279,10.0
8280,8.0
8281,10.0
8282,10.0
8283,10.0
8284,10.0
8285,10.0
8286,9.0
8287,10.0
8288,10.0
8289,10.0
8290,8.0
8291,10.0
8292,10.0
8293,10.0
8294,10.0
8295,3.0
8296,6.0
8297,10.0
8298,7.0
8299,10.0
8300,10.0
8301,0.25
8302,8.0
8303,10.0
8304,10.0
8305,10.0
8306,10.0
8307,9.0
8308,10.0
8309,10.0
8310,10.0
8311,10.0
8312,10.0
8313,10.0
8314,9.0
8315,10.0
8316,1.5
8317,10.0
8318,10.0
8319,7.0
8320,6.0
8321,10.0
8322,10.0
8323,10.0
8324,10.0
8325,7.0
8326,10.0
8327,10.0
8328,10.0
8329,10.0
8330,10.0
8331,10.0
8332,10.0
8333,10.0
8334,10.0
8335,10.0
8336,10.0
8337,10.0
8338,10.0
8339,10.0
8340,10.0
8341,10.0
8342,0.75
8343,10.0
8344,10.0
8345,10.0
8346,7.0
8347,10.0
8348,9.0
8349,10.0
8350,10.0
8351,6.0
8352,6.0
8353,10.0
8354,10.0
8355,8.0
8356,10.0
8357,10.0
8358,9.0
8359,10.0
8360,8.0
8361,10.0
8362,8.0
8363,10.0
8364,10.0
8365,9.0
8366,10.0
8367,4.0
8368,10.0
8369,10.0
8370,10.0
8371,0.12
8372,10.0
8373,10.0
8374,10.0
8375,10.0
8376,10.0
8377,10.0
8378,9.0
8379,10.0
8380,10.0
8381,10.0
8382,7.0
8383,10.0
8384,5.0
8385,8.0
8386,4.0
8387,10.0
8388,10.0
8389,0.25
8390,10.0
8391,7.0
8392,10.0
8393,5.0
8394,5.0
8395,10.0
8396,10.0
8397,10.0
8398,10.0
8399,10.0
8400,0.12
8401,8.0
8402,0.75
8403,10.0
8404,0.25
8405,10.0
8406,10.0
8407,10.0
8408,10.0
8409,10.0
8410,10.0
8411,10.0
8412,10.0
8413,10.0
8414,10.0
8415,10.0
8416,10.0
8417,10.0
8418,10.0
8419,10.0
8420,10.0
8421,10.0
8422,10.0
8423,7.0
8424,10.0
8425,9.0
8426,10.0
8427,10.0
8428,10.0
8429,10.0
8430,0.12
8431,0.0
8432,10.0
8433,5.0
8434,10.0
8435,5.0
8436,10.0
8437,10.0
8438,2.0
8439,10.0
8440,10.0
8441,10.0
8442,10.0
8443,10.0
8444,0.5
8445,1.5
8446,0.75
8447,10.0
8448,10.0
8449,10.0
8450,10.0
8451,10.0
8452,10.0
8453,6.0
8454,10.0
8455,10.0
8456,10.0
8457,5.0
8458,10.0
8459,10.0
8460,10.0
8461,2.0
8462,10.0
8463,10.0
8464,10.0
8465,8.0
8466,0.25
8467,10.0
8468,10.0
8469,2.0
8470,9.0
8471,3.0
8472,10.0
8473,1.5
8474,10.0
8475,10.0
8476,10.0
8477,8.0
8478,10.0
8479,10.0
8480,10.0
8481,10.0
8482,10.0
8483,10.0
8484,10.0
8485,8.0
8486,10.0
8487,10.0
8488,10.0
8489,0.5
8490,7.0
8491,7.0
8492,10.0
8493,10.0
8494,10.0
8495,10.0
8496,10.0
8497,10.0
8498,10.0
8499,9.0
8500,10.0
8501,6.0
8502,8.0
8503,10.0
8504,10.0
8505,10.0
8506,10.0
8507,10.0
8508,0.5
8509,10.0
8510,0.5
8511,10.0
8512,10.0
8513,10.0
8514,10.0
8515,10.0
8516,10.0
8517,10.0
8518,10.0
8519,5.0
8520,10.0
8521,2.5
8522,9.0
8523,10.0
8524,10.0
8525,10.0
8526,10.0
8527,10.0
8528,10.0
8529,6.0
8530,8.0
8531,10.0
8532,10.0
8533,10.0
8534,10.0
8535,10.0
8536,10.0
8537,10.0
8538,8.0
8539,10.0
8540,7.0
8541,10.0
8542,10.0
8543,10.0
8544,3.0
8545,10.0
8546,10.0
8547,8.0
8548,10.0
8549,10.0
8550,0.5
8551,10.0
8552,2.0
8553,10.0
8554,10.0
8555,10.0
8556,10.0
8557,6.0
8558,10.0
8559,10.0
8560,10.0
8561,10.0
8562,10.0
8563,10.0
8564,9.0
8565,10.0
8566,8.0
8567,10.0
8568,8.5
8569,2.0
8570,7.0
8571,0.5
8572,10.0
8573,10.0
8574,10.0
8575,10.0
8576,10.0
8577,10.0
8578,9.0
8579,10.0
8580,9.0
8581,10.0
8582,7.0
8583,10.0
8584,10.0
8585,10.0
8586,10.0
8587,10.0
8588,10.0
8589,10.0
8590,10.0
8591,10.0
8592,2.0
8593,3.0
8594,10.0
8595,7.0
8596,0.12
8597,10.0
8598,0.75
8599,10.0
8600,10.0
8601,5.0
8602,10.0
8603,10.0
8604,10.0
8605,10.0
8606,10.0
8607,0.0
8608,10.0
8609,10.0
8610,10.0
8611,10.0
8612,10.0
8613,5.0
8614,10.0
8615,10.0
8616,10.0
8617,2.0
8618,4.0
8619,10.0
8620,10.0
8621,6.0
8622,10.0
8623,10.0
8624,10.0
8625,10.0
8626,10.0
8627,10.0
8628,10.0
8629,3.0
8630,10.0
8631,1.0
8632,5.0
8633,0.25
8634,10.0
8635,10.0
8636,6.0
8637,10.0
8638,10.0
8639,10.0
8640,9.0
8641,10.0
8642,9.0
8643,10.0
8644,7.0
8645,10.0
8646,5.0
8647,10.0
8648,10.0
8649,10.0
8650,10.0
8651,10.0
8652,7.0
8653,10.0
8654,2.0
8655,10.0
8656,10.0
8657,10.0
8658,10.0
8659,10.0
8660,10.0
8661,6.0
8662,10.0
8663,8.0
8664,10.0
8665,1.5
8666,10.0
8667,9.0
8668,1.0
8669,10.0
8670,8.0
8671,0.0
8672,10.0
8673,1.25
8674,10.0
8675,10.0
8676,10.0
8677,10.0
8678,6.0
8679,10.0
8680,7.0
8681,10.0
8682,10.0
8683,10.0
8684,1.0
8685,7.0
8686,10.0
8687,10.0
8688,10.0
8689,10.0
8690,10.0
8691,10.0
8692,10.0
8693,10.0
8694,10.0
8695,10.0
8696,10.0
8697,10.0
8698,10.0
8699,10.0
8700,10.0
8701,6.0
8702,10.0
8703,10.0
8704,10.0
8705,0.75
8706,10.0
8707,0.25
8708,10.0
8709,10.0
8710,10.0
8711,10.0
8712,10.0
8713,10.0
8714,8.0
8715,10.0
8716,10.0
8717,10.0
8718,10.0
8719,10.0
8720,10.0
8721,10.0
8722,2.0
8723,10.0
8724,7.0
8725,10.0
8726,10.0
8727,10.0
8728,10.0
8729,7.0
8730,0.5
8731,10.0
8732,10.0
8733,10.0
8734,10.0
8735,10.0
8736,10.0
8737,0.25
8738,8.0
8739,10.0
8740,10.0
8741,10.0
8742,10.0
8743,10.0
8744,10.0
8745,10.0
8746,8.0
8747,10.0
8748,8.0
8749,3.0
8750,10.0
8751,10.0
8752,10.0
8753,10.0
8754,10.0
8755,10.0
8756,10.0
8757,10.0
8758,10.0
8759,8.0
8760,10.0
8761,9.0
8762,10.0
8763,10.0
8764,7.0
8765,10.0
8766,6.0
8767,10.0
8768,10.0
8769,10.0
8770,1.75
8771,10.0
8772,0.5
8773,7.0
8774,9.0
8775,10.0
8776,10.0
8777,10.0
8778,5.0
8779,8.0
8780,10.0
8781,10.0
8782,10.0
8783,10.0
8784,10.0
8785,10.0
8786,7.0
8787,10.0
8788,10.0
8789,10.0
8790,10.0
8791,10.0
8792,10.0
8793,10.0
8794,10.0
8795,10.0
8796,10.0
8797,10.0
8798,1.5
8799,3.0
8800,10.0
8801,10.0
8802,10.0
8803,6.0
8804,0.5
8805,6.0
8806,7.0
8807,10.0
8808,7.0
8809,10.0
8810,10.0
8811,10.0
8812,10.0
8813,10.0
8814,10.0
8815,10.0
8816,10.0
8817,10.0
8818,10.0
8819,3.0
8820,4.0
8821,9.0
8822,10.0
8823,10.0
8824,0.5
8825,10.0
8826,0.5
8827,3.0
8828,7.0
8829,10.0
8830,10.0
8831,10.0
8832,10.0
8833,10.0
8834,1.5
8835,10.0
8836,8.0
8837,10.0
8838,10.0
8839,10.0
8840,1.0
8841,10.0
8842,3.0
8843,10.0
8844,10.0
8845,10.0
8846,9.0
8847,0.12
8848,10.0
8849,10.0
8850,10.0
8851,10.0
8852,10.0
8853,10.0
8854,10.0
8855,10.0
8856,10.0
8857,10.0
8858,0.5
8859,10.0
8860,10.0
8861,0.75
8862,10.0
8863,10.0
8864,9.0
8865,9.0
8866,10.0
8867,0.12
8868,10.0
8869,6.0
8870,10.0
8871,10.0
8872,10.0
8873,3.0
8874,10.0
8875,10.0
8876,10.0
8877,10.0
8878,10.0
8879,10.0
8880,10.0
8881,10.0
8882,10.0
8883,10.0
8884,10.0
8885,5.0
8886,0.75
8887,10.0
8888,8.0
8889,10.0
8890,10.0
8891,4.0
8892,3.25
8893,10.0
8894,9.0
8895,4.0
8896,10.0
8897,0.0
8898,10.0
8899,10.0
8900,10.0
8901,10.0
8902,10.0
8903,7.0
8904,10.0
8905,10.0
8906,5.0
8907,10.0
8908,9.0
8909,10.0
8910,10.0
8911,10.0
8912,10.0
8913,10.0
8914,10.0
8915,5.0
8916,10.0
8917,10.0
8918,7.0
8919,4.0
8920,10.0
8921,10.0
8922,10.0
8923,1.5
8924,0.0
8925,5.0
8926,10.0
8927,0.25
8928,10.0
8929,10.0
8930,10.0
8931,10.0
8932,10.0
8933,10.0
8934,4.0
8935,10.0
8936,3.0
8937,10.0
8938,10.0
8939,3.0
8940,10.0
8941,10.0
8942,10.0
8943,10.0
8944,0.25
8945,10.0
8946,10.0
8947,10.0
8948,9.0
8949,10.0
8950,10.0
8951,10.0
8952,10.0
8953,10.0
8954,7.0
8955,10.0
8956,10.0
8957,10.0
8958,10.0
8959,10.0
8960,10.0
8961,10.0
8962,10.0
8963,10.0
8964,10.0
8965,10.0
8966,10.0
8967,0.5
8968,10.0
8969,1.5
8970,4.0
8971,10.0
8972,10.0
8973,10.0
8974,10.0
8975,10.0
8976,9.0
8977,8.0
8978,10.0
8979,10.0
8980,10.0
8981,10.0
8982,10.0
8983,9.0
8984,9.0
8985,10.0
8986,10.0
8987,4.0
8988,10.0
8989,10.0
8990,10.0
8991,10.0
8992,10.0
8993,10.0
8994,10.0
8995,10.0
8996,10.0
8997,4.0
8998,1.0
8999,10.0
9000,6.0
9001,10.0
9002,10.0
9003,10.0
9004,6.0
9005,5.0
9006,10.0
9007,1.0
9008,0.12
9009,10.0
9010,10.0
9011,10.0
9012,10.0
9013,10.0
9014,10.0
9015,1.0
9016,10.0
9017,8.0
9018,10.0
9019,5.0
9020,10.0
9021,10.0
9022,0.0
9023,6.0
9024,10.0
9025,10.0
9026,10.0
9027,10.0
9028,8.0
9029,10.0
9030,6.0
9031,10.0
9032,0.25
9033,0.5
9034,2.0
9035,10.0
9036,1.0
9037,10.0
9038,10.0
9039,10.0
9040,10.0
9041,5.0
9042,10.0
9043,10.0
9044,10.0
9045,5.0
9046,10.0
9047,10.0
9048,10.0
9049,10.0
9050,10.0
9051,10.0
9052,10.0
9053,7.0
9054,10.0
9055,2.0
9056,9.0
9057,10.0
9058,0.25
9059,10.0
9060,10.0
9061,10.0
9062,8.0
9063,0.25
9064,10.0
9065,7.0
9066,7.0
9067,10.0
9068,10.0
9069,10.0
9070,10.0
9071,2.0
9072,10.0
9073,10.0
9074,10.0
9075,10.0
9076,8.0
9077,10.0
9078,10.0
9079,10.0
9080,10.0
9081,10.0
9082,10.0
9083,0.75
9084,10.0
9085,10.0
9086,10.0
9087,10.0
9088,10.0
9089,10.0
9090,7.0
9091,10.0
9092,10.0
9093,10.0
9094,10.0
9095,4.0
9096,9.0
9097,0.5
9098,10.0
9099,10.0
9100,10.0
9101,10.0
9102,0.12
9103,10.0
9104,10.0
9105,6.0
9106,9.0
9107,10.0
9108,10.0
9109,8.0
9110,10.0
9111,10.0
9112,10.0
9113,10.0
9114,8.0
9115,10.0
9116,10.0
9117,10.0
9118,10.0
9119,8.0
9120,5.0
9121,0.25
9122,10.0
9123,10.0
9124,10.0
9125,10.0
9126,8.0
9127,1.5
9128,7.0
9129,10.0
9130,5.0
9131,10.0
9132,0.12
9133,10.0
9134,1.5
9135,10.0
9136,10.0
9137,10.0
9138,10.0
9139,3.0
9140,10.0
9141,10.0
9142,1.0
9143,10.0
9144,10.0
9145,10.0
9146,10.0
9147,10.0
9148,10.0
9149,0.75
9150,10.0
9151,10.0
9152,5.0
9153,4.0
9154,0.12
9155,10.0
9156,10.0
9157,4.0
9158,10.0
9159,10.0
9160,10.0
9161,10.0
9162,10.0
9163,6.0
9164,10.0
9165,9.0
9166,4.0
9167,2.5
9168,7.0
9169,10.0
9170,10.0
9171,10.0
9172,10.0
9173,10.0
9174,10.0
9175,0.25
9176,10.0
9177,8.0
9178,5.0
9179,5.0
9180,3.0
9181,3.0
9182,10.0
9183,5.0
9184,5.0
9185,5.0
9186,5.0
9187,3.0
9188,8.0
9189,10.0
9190,5.0
9191,0.75
9192,2.5
9193,4.0
9194,5.0
9195,5.0
9196,3.0
9197,5.0
9198,5.0
9199,3.0
9200,0.12
9201,2.5
9202,8.0
9203,3.0
9204,3.0
9205,1.75
9206,8.0
9207,3.0
9208,8.0
9209,8.0
9210,3.0
9211,3.0
